pres_id,bin,r1,r2,start_length,aut_class,greedy_solved,greedy_nodes,greedy_path,n_cov_tried,n_cov_solved,cov_solved,best_z,best_iso_gen,best_class,cov_nodes,cov_path,cov_min_path,node_cut,path_cut,flip
0,0,YYXyx,Yx,7,0,True,3,2,11,11,True,Yxy,y,relabel,2,1,1,1.5,2.0,False
496,0,YYYYYYYXyyyyyyx,YYX,18,68,True,4,3,110,110,True,YYYYYxyyyyyyy,x,relabel,3,2,2,1.33,1.5,False
521,0,YYYYYYYYXyyyyyyyx,YYYx,21,83,True,5,4,143,143,True,YXyy,x,relabel,3,2,2,1.67,2.0,False
323,0,YYYYYx,YYYYXyyyx,15,2,True,7,6,46,46,True,Xyyy,x,relabel,4,3,3,1.75,2.0,False
228,0,YYYXyyx,YYXXYYx,14,52,True,9,7,43,43,True,yyx,x,moved,4,3,3,2.25,2.33,False
455,0,YYYYYXyyyyx,YYYYxYXX,19,89,True,10,9,85,85,True,yyyyx,x,moved,3,2,2,3.33,4.5,False
77,1,YYXyx,YXyXXyxx,13,25,True,11,8,43,43,True,Xy,x,moved,7,6,6,1.57,1.33,False
43,1,YYXyx,YYxYxYX,12,7,True,13,9,36,36,True,xyX,x,relabel,7,6,6,1.86,1.5,False
141,1,YYXyx,YXyXyxxx,13,46,True,12,10,40,40,True,yx,x,moved,8,7,7,1.5,1.43,False
48,1,YYYxxYX,YYXyx,12,13,True,18,11,32,32,True,Xy,x,moved,9,8,8,2.0,1.38,False
155,1,YYYYxyXX,YYXyx,13,31,True,18,12,36,36,True,xyX,x,relabel,9,8,8,2.0,1.5,False
505,1,YYYYYYYXyyyyyyx,YYXyyxx,22,105,True,34,23,133,131,True,Yxyy,y,moved,15,14,14,2.27,1.64,False
247,2,YYYXyyx,YYXyyXyx,15,23,True,46,9,55,55,True,XyyXy,x,relabel,9,7,7,5.11,1.29,False
217,2,YYYXyyx,YYYxxyX,14,51,True,57,13,43,43,True,Xyy,x,moved,9,7,7,6.33,1.86,False
201,2,YYYXyyx,YYXYxYx,14,19,True,61,15,48,48,True,Xyx,x,relabel,10,8,8,6.1,1.88,False
288,2,YYYYXXYx,YYYXyyx,15,55,True,106,17,48,48,True,Xyx,x,relabel,12,9,9,8.83,1.89,False
367,2,YYYYXyyyx,YYXYYxYx,17,72,True,83,21,70,69,True,Xyyy,x,relabel,25,10,10,3.32,2.1,False
331,2,YYYYXyyyx,YYXYxYx,16,65,True,93,24,65,65,True,Xyx,x,relabel,9,8,8,10.33,3.0,False
203,3,YYYXyyx,YYxYXYx,14,10,True,116,16,49,49,True,Xyy,x,moved,32,9,8,3.62,1.78,False
265,3,YYYXyyx,YYYxYxYX,15,49,True,121,21,52,51,True,xyX,x,relabel,62,11,11,1.95,1.91,False
579,3,YYYYYYXyyyyyx,YYYXYYxx,21,100,True,366,26,109,107,True,Xyyy,x,relabel,11,10,10,33.27,2.6,False
327,3,YYYYXyyyx,YYxYXX,15,66,True,273,29,58,52,True,yyyx,x,relabel,25,16,16,10.92,1.81,False
333,3,YYYYXyyyx,YYxyXYx,16,54,True,313,35,65,65,True,YYXyyy,x,relabel,22,15,15,14.23,2.33,False
380,3,YYYYXyyyx,YYYYxxyX,17,77,True,381,39,63,61,True,Xyyy,x,moved,22,15,15,17.32,2.6,False
546,4,YYYYYXyyyyx,YYXYYxYx,19,85,True,398,24,90,78,True,Xyyyy,x,relabel,15,12,11,26.53,2.0,False
548,4,YYYYYXyyyyx,YYxYYxyX,19,82,True,661,28,91,91,True,Xyyy,x,relabel,13,12,12,50.85,2.33,False
533,4,YYYYXyyyx,YYYXYxYx,17,69,True,438,43,69,68,True,Xyyy,x,relabel,23,16,16,19.04,2.69,False
589,4,YYYYYYXyyyyyx,YYYXYXYx,21,94,True,558,46,113,111,True,xyyyyyy,x,relabel,13,12,12,42.92,3.83,False
580,4,YYYYYYXyyyyyx,YYYxxYYX,21,101,True,875,47,109,98,True,Xyyyyy,x,relabel,25,17,17,35.0,2.76,False
609,4,YYYYYYYXyyyyyyx,YYYxYxyX,23,104,True,1217,56,140,101,True,Xyyy,x,moved,37,22,22,32.89,2.55,False
538,5,YYYYYXyyyyx,YYxYxYX,18,81,True,2261,25,85,84,True,Xyyy,x,relabel,13,12,12,173.92,2.08,False
606,5,YYYYYYYXyyyyyyx,YYYxxYYX,23,107,True,2023,39,138,126,True,Xyyyyy,x,relabel,17,14,14,119.0,2.79,False
544,5,YYYYYXyyyyx,YYYxyXYx,19,74,True,1569,75,89,83,True,xYXy,x,relabel,117,41,41,13.41,1.83,False
549,5,YYYYYXyyyyx,YYYxYxYX,19,84,True,1411,79,89,76,True,Xyyy,x,moved,226,54,47,6.24,1.46,False
543,5,YYYYYXyyyyx,YYYYXYxx,19,88,True,1813,81,85,71,True,Xyx,x,relabel,118,42,42,15.36,1.93,False
565,5,YYYYYYXyyyyyx,YYxyXYx,20,87,True,1404,145,109,67,True,xYXy,x,relabel,615,99,99,2.28,1.46,False
602,6,YYYYYYYXyyyyyyx,YYYxYXX,22,103,True,6285,56,134,79,True,YYxyyyyyyy,x,relabel,37,22,22,169.86,2.55,False
632,6,YYYYYYYYXyyyyyyyx,YYYYXXYx,25,111,True,6425,56,169,146,True,YYxyyyyyyyy,x,relabel,39,22,22,164.74,2.55,False
573,6,YYYYYYXyyyyyx,YYYYXYxx,21,98,False,10000,,109,18,True,Xyyy,x,relabel,3182,42,42,,,True
586,6,YYYYYYXyyyyyx,YYYYxYXX,21,99,True,9162,153,109,95,True,yyyyyx,x,relabel,616,100,100,14.87,1.53,False
581,6,YYYYYYXyyyyyx,YYYYxxYX,21,99,True,9567,153,109,95,True,Xyyyyy,x,relabel,632,100,100,15.14,1.53,False
575,6,YYYYYYXyyyyyx,YYYxyXYx,21,87,False,10000,,113,51,True,xYXy,x,relabel,615,99,99,,,True
568,7,YYYYYYXyyyyyx,YYXYXyx,20,93,False,10000,,108,36,True,XYxy,x,relabel,3181,42,42,,,True
578,7,YYYYYYXyyyyyx,YYXYYXyx,21,93,False,10000,,115,30,True,XYxy,x,relabel,3181,42,42,,,True
583,7,YYYYYYXyyyyyx,YYXyxYYx,21,93,False,10000,,116,30,True,XYxy,x,relabel,3320,39,39,,,True
628,7,YYYYYYYYXyyyyyyyx,YYXyXyyx,25,110,False,10000,,173,83,True,YYYYYYYxyyyyyyy,y,relabel,158,51,48,,,True
633,7,YYYYYYYYXyyyyyyyx,YYXyyxyx,25,110,False,10000,,173,89,True,XYYxyy,y,relabel,158,51,48,,,True
596,7,YYYYYYYXyyyyyyx,YYxyXYx,22,97,False,10000,,138,51,True,xYXy,x,relabel,3353,231,231,,,True
605,8,YYYYYYYXyyyyyyx,YYYXyxYX,23,97,False,10000,,142,55,True,YYYxyyyyyyy,x,relabel,3353,231,231,,,True
610,8,YYYYYYYXyyyyyyx,YYYxYXyx,23,97,False,10000,,141,54,True,XYxy,x,relabel,3359,225,225,,,True
625,8,YYYYYYYYXyyyyyyyx,YYXYxyX,24,106,False,10000,,169,0,False,,,,,,,,,False
622,8,YYYYYYYYXyyyyyyyx,YYxyXYx,24,106,False,10000,,169,0,False,,,,,,,,,False
624,8,YYYYYYYYXyyyyyyyx,YYxYXyx,24,106,False,10000,,169,0,False,,,,,,,,,False
623,8,YYYYYYYYXyyyyyyyx,YYXyxYX,24,106,False,10000,,169,0,False,,,,,,,,,False
634,9,YYYYYYYXyyyyyyx,YYYXyyxx,23,108,False,10000,,138,55,True,YYxyy,y,moved,410,38,38,,,True
635,9,YYYYYYYXyyyyyyx,YYYXXyyx,23,108,False,10000,,134,54,True,yyxYY,y,moved,410,38,38,,,True
637,9,YYYYYYYYXyyyyyyyx,YYYXyxYX,25,106,False,10000,,173,0,False,,,,,,,,,False
639,9,YYYYYYYYXyyyyyyyx,YYYxYXyx,25,106,False,10000,,172,0,False,,,,,,,,,False
638,9,YYYYYYYYXyyyyyyyx,YYYxyXYx,25,106,False,10000,,173,0,False,,,,,,,,,False
636,9,YYYYYYYYXyyyyyyyx,YYYXYxyX,25,106,False,10000,,172,0,False,,,,,,,,,False
