name,kind,mu,short_relator,bin,bin_lo_nodes,bin_hi_nodes,baseline_nodes,baseline_solved,baseline_censored_at_100k,baseline_path,s12_solved,s12_nodes,s12_path,s28_solved,s28_nodes,s28_path,s20_mk2_solved,s20_mk2_nodes,s20_mk2_path,s24_k1_mk2_solved,s24_k1_mk2_nodes,s24_k1_mk2_path,difficulty_rank
orb_0004,moved_cov,9,True,0,3,10,2,True,False,1,True,2,1,True,2,1,True,2,1,True,2,1,0
orb_0005,moved_cov,9,True,0,3,10,2,True,False,1,True,2,1,True,2,1,True,2,1,True,2,1,1
orb_0014,moved_cov,11,True,0,3,10,2,True,False,1,True,2,1,True,2,1,True,2,1,True,2,1,2
orb_0015,moved_cov,11,True,0,3,10,2,True,False,1,True,2,1,True,2,1,True,2,1,True,2,1,3
orb_0040,moved_cov,13,True,0,3,10,2,True,False,1,True,2,1,True,2,1,True,2,1,True,2,1,4
orb_0041,moved_cov,13,True,0,3,10,2,True,False,1,True,2,1,True,2,1,True,2,1,True,2,1,5
orb_0002,seed,8,True,0,3,10,3,True,False,2,True,3,2,True,3,2,True,3,2,True,3,2,6
orb_0010,moved_cov,10,True,0,3,10,3,True,False,2,True,3,2,True,3,2,True,3,2,True,3,2,7
orb_0028,seed,12,True,0,3,10,3,True,False,2,True,3,2,True,3,2,True,3,2,True,3,2,8
orb_0089,seed,14,True,0,3,10,3,True,False,2,True,3,2,True,3,2,True,3,2,True,3,2,9
orb_0001,moved_cov,7,True,0,3,10,4,True,False,3,True,4,3,True,4,3,True,4,3,True,4,3,10
orb_0003,moved_cov,9,True,0,3,10,4,True,False,3,True,4,3,True,4,3,True,4,3,True,4,3,11
orb_0006,moved_cov,9,True,0,3,10,4,True,False,3,True,4,3,True,4,3,True,4,3,True,4,3,12
orb_0007,moved_cov,9,True,0,3,10,4,True,False,3,True,4,3,True,4,3,True,4,3,True,4,3,13
orb_0008,moved_cov,9,True,0,3,10,4,True,False,3,True,4,3,True,4,3,True,4,3,True,4,3,14
orb_0016,moved_cov,11,True,0,3,10,4,True,False,3,True,4,3,True,4,3,True,4,3,True,4,3,15
orb_0017,moved_cov,11,True,0,3,10,4,True,False,3,True,4,3,True,4,3,True,4,3,True,4,3,16
orb_0018,moved_cov,11,True,0,3,10,4,True,False,3,True,4,3,True,4,3,True,4,3,True,4,3,17
orb_0022,seed,11,False,0,3,10,4,True,False,3,True,4,3,True,4,3,True,4,3,True,4,3,18
orb_0031,seed,12,False,0,3,10,4,True,False,3,True,4,3,True,4,3,True,4,3,True,4,3,19
orb_0033,seed,12,False,0,3,10,4,True,False,3,True,4,3,True,4,3,True,4,3,True,4,3,20
orb_0042,moved_cov,13,True,0,3,10,4,True,False,3,True,4,3,True,4,3,True,4,3,True,4,3,21
orb_0043,moved_cov,13,True,0,3,10,4,True,False,3,True,4,3,True,4,3,True,4,3,True,4,3,22
orb_0044,moved_cov,13,True,0,3,10,4,True,False,3,True,4,3,True,4,3,True,4,3,True,4,3,23
orb_0101,moved_cov,14,False,0,3,10,4,True,False,3,True,4,3,True,4,3,True,4,3,True,4,3,24
orb_0105,moved_cov,14,False,0,3,10,4,True,False,3,True,4,3,True,4,3,True,4,3,True,4,3,25
orb_0122,seed,14,False,0,3,10,4,True,False,3,True,4,3,True,4,3,True,4,3,True,4,3,26
orb_0126,seed,14,False,0,3,10,4,True,False,3,True,4,3,True,4,3,True,4,3,True,4,3,27
orb_0130,moved_cov,15,True,0,3,10,4,True,False,3,True,4,3,True,4,3,True,4,3,True,4,3,28
orb_0131,moved_cov,15,True,0,3,10,4,True,False,3,True,4,3,True,4,3,True,4,3,True,4,3,29
orb_0136,seed,15,False,0,3,10,4,True,False,3,True,4,3,True,4,3,True,4,3,True,4,3,30
orb_0346,moved_cov,18,False,0,3,10,4,True,False,3,True,4,3,True,4,3,True,4,3,True,4,3,31
orb_0355,moved_cov,18,False,0,3,10,4,True,False,3,True,4,3,True,4,3,True,4,3,True,4,3,32
orb_0696,moved_cov,22,False,0,3,10,4,True,False,3,True,4,3,True,4,3,True,4,3,True,4,3,33
orb_0009,moved_cov,10,True,0,3,10,5,True,False,4,True,5,4,True,5,4,True,5,4,True,5,4,34
orb_0019,moved_cov,11,True,0,3,10,5,True,False,4,True,5,4,True,5,4,True,5,4,True,5,4,35
orb_0021,seed,11,False,0,3,10,5,True,False,4,True,5,4,True,5,4,True,5,4,True,5,4,36
orb_0027,moved_cov,12,True,0,3,10,5,True,False,4,True,5,4,True,5,4,True,5,4,True,5,4,37
orb_0052,seed,13,False,0,3,10,5,True,False,4,True,5,4,True,5,4,True,5,4,True,5,4,38
orb_0054,seed,13,False,0,3,10,5,True,False,4,True,7,6,True,7,6,True,7,6,True,7,6,39
orb_0056,seed,13,False,0,3,10,5,True,False,4,True,5,4,True,5,4,True,5,4,True,5,4,40
orb_0065,seed,13,False,0,3,10,5,True,False,4,True,5,4,True,6,5,True,5,4,True,5,4,41
orb_0068,seed,13,False,0,3,10,5,True,False,4,True,5,4,True,5,4,True,5,4,True,5,4,42
orb_0070,seed,13,False,0,3,10,5,True,False,4,True,5,4,True,5,4,True,5,4,True,5,4,43
orb_0084,seed,13,False,0,3,10,5,True,False,4,True,5,4,True,5,4,True,5,4,True,5,4,44
orb_0087,moved_cov,14,True,0,3,10,5,True,False,4,True,5,4,True,5,4,True,5,4,True,5,4,45
orb_0088,moved_cov,14,True,0,3,10,5,True,False,4,True,5,4,True,5,4,True,5,4,True,5,4,46
orb_0090,moved_cov,14,False,0,3,10,5,True,False,4,True,5,4,True,5,4,True,5,4,True,5,4,47
orb_0189,moved_cov,16,True,0,3,10,5,True,False,4,True,5,4,True,5,4,True,5,4,True,5,4,48
orb_0275,moved_cov,17,False,0,3,10,5,True,False,4,True,5,4,True,5,4,True,5,4,True,5,4,49
orb_0318,moved_cov,18,True,0,3,10,5,True,False,4,True,5,4,True,5,4,True,5,4,True,5,4,50
orb_0319,moved_cov,18,True,0,3,10,5,True,False,4,True,5,4,True,5,4,True,5,4,True,5,4,51
orb_0362,moved_cov,18,False,0,3,10,5,True,False,4,True,6,5,True,6,5,True,5,4,True,5,4,52
orb_0490,moved_cov,20,True,0,3,10,5,True,False,4,True,5,4,True,5,4,True,5,4,True,5,4,53
orb_0032,seed,12,False,0,3,10,6,True,False,5,True,6,5,True,6,5,True,6,5,True,6,5,54
orb_0039,moved_cov,13,True,0,3,10,6,True,False,5,True,6,5,True,6,5,True,6,5,True,6,5,55
orb_0098,moved_cov,14,False,0,3,10,6,True,False,5,True,6,5,True,6,5,True,6,5,True,6,5,56
orb_0107,moved_cov,14,False,0,3,10,6,True,False,5,True,6,5,True,6,5,True,6,5,True,6,5,57
orb_0117,seed,14,False,0,3,10,6,True,False,5,True,6,5,True,6,5,True,6,5,True,6,5,58
orb_0124,moved_cov,14,False,0,3,10,6,True,False,5,True,7,6,True,7,6,True,6,5,True,6,5,59
orb_0215,seed,16,False,0,3,10,6,True,False,5,True,6,5,True,6,5,True,6,5,True,6,5,60
orb_0283,seed,17,False,0,3,10,6,True,False,5,True,5,4,True,5,4,True,5,4,True,5,4,61
orb_0299,seed,17,False,0,3,10,6,True,False,5,True,5,4,True,5,4,True,5,4,True,5,4,62
orb_0338,moved_cov,18,False,0,3,10,6,True,False,5,True,6,5,True,6,5,True,6,5,True,6,5,63
orb_0024,seed,11,False,0,3,10,7,True,False,6,True,9,8,True,9,8,True,9,8,True,9,8,64
orb_0026,moved_cov,12,True,0,3,10,7,True,False,6,True,7,6,True,7,6,True,7,6,True,7,6,65
orb_0055,seed,13,False,0,3,10,7,True,False,6,True,7,6,True,7,6,True,7,6,True,7,6,66
orb_0058,seed,13,False,0,3,10,7,True,False,6,True,7,6,True,7,6,True,7,6,True,7,6,67
orb_0067,seed,13,False,0,3,10,7,True,False,6,True,7,6,True,7,6,True,7,6,True,7,6,68
orb_0135,seed,15,False,0,3,10,7,True,False,6,True,7,6,True,7,6,True,7,6,True,7,6,69
orb_0239,moved_cov,17,False,0,3,10,7,True,False,6,True,7,6,True,7,6,True,7,6,True,7,6,70
orb_0281,seed,17,False,0,3,10,7,True,False,6,True,7,6,True,7,6,True,7,6,True,7,6,71
orb_0399,moved_cov,19,False,0,3,10,7,True,False,6,True,7,6,True,7,6,True,7,6,True,7,6,72
orb_0450,seed,19,False,0,3,10,7,True,False,6,True,7,6,True,7,6,True,7,6,True,7,6,73
orb_0489,moved_cov,20,True,0,3,10,7,True,False,6,True,7,6,True,7,6,True,7,6,True,7,6,74
orb_0654,moved_cov,22,True,0,3,10,7,True,False,6,True,7,6,True,7,6,True,7,6,True,11,10,75
orb_0950,moved_cov,26,True,0,3,10,7,True,False,6,True,7,6,True,7,6,True,13,12,True,13,12,76
orb_0030,seed,12,False,0,3,10,8,True,False,7,True,8,7,True,8,7,True,8,7,True,8,7,77
orb_0045,moved_cov,13,False,0,3,10,8,True,False,6,True,9,7,True,9,7,True,9,7,True,9,7,78
orb_0077,moved_cov,13,False,0,3,10,8,True,False,7,True,8,7,True,21,7,True,8,7,True,8,7,79
orb_0080,seed,13,False,0,3,10,8,True,False,7,True,7,6,True,7,6,True,7,6,True,7,6,80
orb_0095,moved_cov,14,False,0,3,10,8,True,False,7,True,8,7,True,8,7,True,8,7,True,8,7,81
orb_0103,moved_cov,14,False,0,3,10,8,True,False,7,True,8,7,True,8,7,True,8,7,True,8,7,82
orb_0165,moved_cov,15,False,0,3,10,8,True,False,6,True,8,7,True,8,7,True,8,7,True,8,7,83
orb_0207,moved_cov,16,False,0,3,10,8,True,False,7,True,12,11,True,12,11,True,8,7,True,8,7,84
orb_0267,moved_cov,17,False,0,3,10,8,True,False,6,True,13,10,True,18,11,True,13,11,True,12,10,85
orb_0345,moved_cov,18,False,0,3,10,8,True,False,7,True,8,7,True,8,7,True,8,7,True,8,7,86
orb_0655,moved_cov,22,False,0,3,10,8,True,False,7,True,8,7,True,8,7,True,8,7,True,8,7,87
orb_0020,moved_cov,11,False,0,3,10,9,True,False,6,True,9,6,True,10,9,True,9,6,True,9,6,88
orb_0051,seed,13,False,0,3,10,9,True,False,8,True,9,8,True,9,8,True,9,8,True,9,8,89
orb_0060,seed,13,False,0,3,10,9,True,False,8,True,9,8,True,9,8,True,9,8,True,9,8,90
orb_0086,moved_cov,13,False,0,3,10,9,True,False,7,True,8,7,True,9,8,True,8,7,True,8,7,91
orb_0132,moved_cov,15,False,0,3,10,9,True,False,8,True,9,7,True,9,7,True,8,7,True,8,7,92
orb_0142,seed,15,False,0,3,10,9,True,False,8,True,9,8,True,9,8,True,9,8,True,9,8,93
orb_0197,moved_cov,16,False,0,3,10,9,True,False,8,True,8,7,True,8,7,True,8,7,True,8,7,94
orb_0214,seed,16,False,0,3,10,9,True,False,8,True,8,7,True,8,7,True,8,7,True,8,7,95
orb_0279,moved_cov,17,False,0,3,10,9,True,False,8,True,9,8,True,9,8,True,9,8,True,9,8,96
orb_0427,moved_cov,19,False,0,3,10,9,True,False,8,True,9,8,True,9,8,True,9,8,True,9,8,97
orb_0513,moved_cov,20,False,0,3,10,9,True,False,8,True,9,8,True,10,8,True,9,8,True,9,8,98
orb_1133,moved_cov,30,True,0,3,10,9,True,False,8,True,9,8,True,9,8,True,15,14,True,15,14,99
orb_0036,seed,12,False,1,10,34,10,True,False,9,True,10,9,True,27,11,True,10,9,True,10,9,100
orb_0127,moved_cov,14,False,1,10,34,10,True,False,8,True,10,8,True,10,8,True,10,8,True,10,8,101
orb_0188,moved_cov,15,False,1,10,34,10,True,False,8,True,14,11,True,24,11,True,17,11,True,19,11,102
orb_0195,moved_cov,16,False,1,10,34,10,True,False,9,True,10,9,True,10,9,True,10,9,True,10,9,103
orb_0208,moved_cov,16,False,1,10,34,10,True,False,9,True,10,9,True,10,9,True,10,9,True,10,9,104
orb_0220,seed,16,False,1,10,34,10,True,False,8,True,10,9,True,28,14,True,12,11,True,13,11,105
orb_0295,seed,17,False,1,10,34,10,True,False,9,True,9,8,True,9,8,True,9,8,True,9,8,106
orb_0339,moved_cov,18,False,1,10,34,10,True,False,9,True,11,9,True,15,13,True,10,9,True,10,9,107
orb_0350,moved_cov,18,False,1,10,34,10,True,False,9,True,10,9,True,10,9,True,10,9,True,10,9,108
orb_0540,moved_cov,21,False,1,10,34,10,True,False,9,True,9,8,True,9,8,True,9,8,True,9,8,109
orb_0685,moved_cov,22,False,1,10,34,10,True,False,7,True,9,7,True,8,7,True,9,7,True,10,7,110
orb_0066,seed,13,False,1,10,34,11,True,False,10,True,13,10,True,15,12,True,13,10,True,13,10,111
orb_0075,moved_cov,13,False,1,10,34,11,True,False,9,True,18,9,True,29,10,True,18,9,True,12,9,112
orb_0141,seed,15,False,1,10,34,11,True,False,10,True,11,10,True,11,10,True,11,10,True,11,10,113
orb_0155,moved_cov,15,False,1,10,34,11,True,False,10,True,11,10,True,11,10,True,11,10,True,11,10,114
orb_0159,moved_cov,15,False,1,10,34,11,True,False,9,True,10,9,True,10,9,True,10,9,True,10,9,115
orb_0179,seed,15,False,1,10,34,11,True,False,8,True,9,8,True,11,10,True,11,10,True,12,10,116
orb_0186,moved_cov,15,False,1,10,34,11,True,False,9,True,9,8,True,9,8,True,9,8,True,9,8,117
orb_0361,seed,18,False,1,10,34,11,True,False,9,True,15,12,True,47,18,True,19,14,True,23,14,118
orb_0462,seed,19,False,1,10,34,11,True,False,9,True,16,12,True,25,13,True,20,13,True,23,13,119
orb_0495,moved_cov,20,False,1,10,34,11,True,False,10,True,10,9,True,10,9,True,10,9,True,10,9,120
orb_0954,moved_cov,26,False,1,10,34,11,True,False,10,True,10,9,True,10,9,True,10,9,True,10,9,121
orb_0053,seed,13,False,1,10,34,12,True,False,10,True,11,10,True,11,10,True,11,10,True,11,10,122
orb_0183,moved_cov,15,False,1,10,34,12,True,False,9,True,15,10,True,14,9,True,12,9,True,12,9,123
orb_0196,moved_cov,16,False,1,10,34,12,True,False,11,True,12,11,True,12,11,True,12,11,True,12,11,124
orb_0256,moved_cov,17,False,1,10,34,12,True,False,11,True,18,11,True,28,11,True,24,11,True,23,11,125
orb_0326,moved_cov,18,False,1,10,34,12,True,False,11,True,12,11,True,12,11,True,12,11,True,12,11,126
orb_0693,moved_cov,22,False,1,10,34,12,True,False,11,True,12,11,True,12,11,True,12,11,True,12,11,127
orb_0261,moved_cov,17,False,1,10,34,13,True,False,11,True,13,11,True,13,11,True,13,11,True,13,11,128
orb_0302,moved_cov,17,False,1,10,34,14,True,False,11,True,14,11,True,25,11,True,19,11,True,20,11,129
orb_0358,moved_cov,18,False,1,10,34,14,True,False,8,True,17,13,True,26,11,True,17,13,True,16,13,130
orb_0414,moved_cov,19,False,1,10,34,15,True,False,12,True,13,12,True,13,12,True,13,12,True,13,12,131
orb_0614,seed,21,False,1,10,34,15,True,False,12,True,15,12,True,26,14,True,20,12,True,22,12,132
orb_0703,moved_cov,22,False,1,10,34,15,True,False,12,True,15,12,True,53,19,True,21,12,True,22,13,133
orb_0156,moved_cov,15,False,1,10,34,16,True,False,12,True,13,12,True,13,12,True,13,12,True,13,12,134
orb_0285,moved_cov,17,False,1,10,34,16,True,False,7,True,18,11,True,21,13,True,17,11,True,18,11,135
orb_0794,moved_cov,23,False,1,10,34,16,True,False,8,True,26,8,True,33,12,True,10,8,True,28,13,136
orb_0063,seed,13,False,1,10,34,17,True,False,12,True,14,12,True,17,12,True,14,12,True,14,12,137
orb_0069,seed,13,False,1,10,34,17,True,False,12,True,14,12,True,16,14,True,14,12,True,14,12,138
orb_0038,moved_cov,12,False,1,10,34,19,True,False,7,True,15,7,True,21,8,True,35,15,True,26,15,139
orb_0357,moved_cov,18,False,1,10,34,19,True,False,10,True,139,16,True,148,18,True,43,16,True,29,16,140
orb_0110,moved_cov,14,False,1,10,34,20,True,False,13,True,17,13,True,20,15,True,16,13,True,16,13,141
orb_0112,moved_cov,14,False,1,10,34,20,True,False,13,True,15,13,True,16,13,True,16,13,True,16,13,142
orb_0149,moved_cov,15,False,1,10,34,20,True,False,8,True,16,8,True,22,12,True,37,16,True,29,16,143
orb_0387,moved_cov,19,False,1,10,34,20,True,False,14,True,16,14,True,17,14,True,16,14,True,16,14,144
orb_0512,moved_cov,20,False,1,10,34,20,True,False,11,True,13,11,True,13,11,True,13,11,True,13,11,145
orb_0694,moved_cov,22,False,1,10,34,20,True,False,12,True,139,15,True,145,17,True,42,15,True,28,15,146
orb_0073,seed,13,False,1,10,34,21,True,False,14,True,22,14,True,19,14,True,155,23,True,117,23,147
orb_0451,moved_cov,19,False,1,10,34,22,True,False,12,True,17,10,True,20,12,True,17,10,True,17,10,148
orb_0298,seed,17,False,1,10,34,23,True,False,15,True,44,22,True,75,20,True,76,22,True,112,22,149
orb_0301,moved_cov,17,False,1,10,34,23,True,False,15,True,11,9,True,14,9,True,11,9,True,12,9,150
orb_0317,moved_cov,17,False,1,10,34,23,True,False,15,True,64,16,True,127,27,True,117,27,True,100,29,151
orb_0530,seed,20,False,1,10,34,24,True,False,16,True,64,17,True,124,26,True,85,27,True,100,29,152
orb_0148,moved_cov,15,False,1,10,34,26,True,False,10,True,18,10,True,33,9,True,31,9,True,36,14,153
orb_0185,moved_cov,15,False,1,10,34,26,True,False,11,True,20,11,True,32,10,True,30,10,True,35,15,154
orb_0759,moved_cov,23,False,1,10,34,26,True,False,17,True,65,17,True,77,24,True,97,27,True,102,28,155
orb_0161,moved_cov,15,False,1,10,34,27,True,False,10,True,17,10,True,27,10,True,25,11,True,24,11,156
orb_0435,moved_cov,19,False,1,10,34,27,True,False,12,True,20,12,True,26,12,True,37,17,True,29,17,157
orb_0081,moved_cov,13,False,1,10,34,29,True,False,11,True,13,10,True,15,11,True,13,10,True,42,19,158
orb_0102,moved_cov,14,False,1,10,34,29,True,False,17,True,24,17,True,24,17,True,23,17,True,23,17,159
orb_0374,moved_cov,18,False,1,10,34,29,True,False,13,True,22,13,True,28,13,True,28,14,True,27,14,160
orb_0980,moved_cov,26,False,1,10,34,29,True,False,14,True,30,14,True,78,14,True,115,29,True,121,29,161
orb_0072,seed,13,False,1,10,34,31,True,False,18,True,27,18,True,24,18,True,106,30,True,125,30,162
orb_0099,moved_cov,14,False,1,10,34,31,True,False,19,True,20,15,True,20,15,True,106,30,True,125,30,163
orb_0111,moved_cov,14,False,1,10,34,31,True,False,17,True,20,15,True,21,17,True,20,15,True,20,15,164
orb_0115,moved_cov,14,False,1,10,34,31,True,False,19,True,23,17,True,104,25,True,105,29,True,124,29,165
orb_0175,moved_cov,15,False,1,10,34,31,True,False,9,True,12,9,True,12,9,True,12,9,True,42,18,166
orb_0109,moved_cov,14,False,1,10,34,32,True,False,17,True,21,15,True,22,17,True,20,15,True,20,15,167
orb_0114,moved_cov,14,False,1,10,34,32,True,False,19,True,30,21,True,30,21,True,107,30,True,127,30,168
orb_0486,moved_cov,19,False,1,10,34,32,True,False,20,True,66,24,True,127,33,True,124,39,True,133,41,169
orb_0134,seed,15,False,1,10,34,33,True,False,9,True,17,10,True,17,10,True,17,10,True,16,10,170
orb_0792,moved_cov,23,False,1,10,34,33,True,False,12,True,28,18,True,32,18,True,26,12,True,25,14,171
orb_0046,moved_cov,13,False,2,34,115,34,True,False,6,True,8,6,True,7,6,True,8,6,True,8,6,172
orb_0194,moved_cov,16,False,2,34,115,34,True,False,11,True,19,11,True,34,10,True,32,10,True,29,15,173
orb_1025,moved_cov,27,False,2,34,115,34,True,False,21,True,68,25,True,123,31,True,137,42,True,138,43,174
orb_0372,moved_cov,18,False,2,34,115,35,True,False,12,True,23,12,True,44,13,True,50,18,True,37,18,175
orb_0481,moved_cov,19,False,2,34,115,35,True,False,11,True,21,11,True,28,12,True,15,11,True,15,11,176
orb_0288,moved_cov,17,False,2,34,115,36,True,False,19,True,59,22,True,109,24,True,116,28,True,120,28,177
orb_0558,moved_cov,21,False,2,34,115,36,True,False,21,True,79,24,True,110,25,True,107,29,True,119,29,178
orb_0291,moved_cov,17,False,2,34,115,37,True,False,20,True,37,23,True,16,10,True,14,10,True,14,10,179
orb_0682,moved_cov,22,False,2,34,115,38,True,False,23,True,79,41,True,38,21,True,68,41,True,72,41,180
orb_0375,moved_cov,18,False,2,34,115,40,True,False,14,True,37,15,True,55,16,True,75,20,True,60,20,181
orb_1129,moved_cov,29,False,2,34,115,41,True,False,21,True,32,19,True,36,19,True,42,19,True,65,19,182
orb_0287,moved_cov,17,False,2,34,115,46,True,False,14,True,26,14,True,56,14,True,60,18,True,59,18,183
orb_0047,moved_cov,13,False,2,34,115,47,True,False,10,True,25,11,True,17,11,True,18,11,True,18,11,184
orb_0469,moved_cov,19,False,2,34,115,47,True,False,15,True,46,16,True,96,24,True,114,20,True,89,20,185
orb_0768,seed,23,False,2,34,115,48,True,False,16,True,47,17,True,95,23,True,115,21,True,90,21,186
orb_0491,moved_cov,20,False,2,34,115,50,True,False,11,True,13,11,True,27,15,True,44,19,True,33,19,187
orb_0976,moved_cov,26,False,2,34,115,50,True,False,16,True,46,17,True,29,14,True,104,21,True,88,22,188
orb_0436,moved_cov,19,False,2,34,115,51,True,False,17,True,15,13,True,15,13,True,14,13,True,14,13,189
orb_0509,moved_cov,20,False,2,34,115,51,True,False,29,True,36,25,True,36,25,True,33,25,True,33,25,190
orb_0296,moved_cov,17,False,2,34,115,53,True,False,14,True,27,14,True,31,14,True,72,18,True,63,18,191
orb_0383,moved_cov,19,False,2,34,115,53,True,False,16,True,27,16,True,33,13,True,33,13,True,48,20,192
orb_0169,moved_cov,15,False,2,34,115,54,True,False,14,True,26,14,True,72,27,True,37,12,True,30,16,193
orb_0523,seed,20,False,2,34,115,54,True,False,15,True,28,15,True,36,17,True,73,19,True,64,19,194
orb_0082,moved_cov,13,False,2,34,115,55,True,False,13,True,35,15,True,34,15,True,65,19,True,64,19,195
orb_0325,moved_cov,18,False,2,34,115,55,True,False,15,True,33,17,True,54,15,True,40,15,True,36,19,196
orb_0760,moved_cov,23,False,2,34,115,55,True,False,15,True,28,16,True,54,18,True,62,20,True,62,20,197
orb_0091,moved_cov,14,False,2,34,115,56,True,False,9,True,20,9,True,12,7,True,13,7,True,17,9,198
orb_0347,moved_cov,18,False,2,34,115,57,True,False,10,True,13,11,True,35,12,True,47,17,True,42,21,199
orb_0177,moved_cov,15,False,2,34,115,58,True,False,15,True,26,15,True,72,24,True,31,13,True,32,19,200
orb_0434,moved_cov,19,False,2,34,115,59,True,False,19,True,33,19,True,57,17,True,43,17,True,42,23,201
orb_0519,moved_cov,20,False,2,34,115,60,True,False,15,True,37,18,True,28,12,True,33,16,True,28,16,202
orb_0138,seed,15,False,2,34,115,61,True,False,11,True,19,12,True,49,10,True,19,12,True,19,12,203
orb_0193,moved_cov,16,False,2,34,115,61,True,False,19,True,32,19,True,70,17,True,41,17,True,40,23,204
orb_0184,moved_cov,15,False,2,34,115,62,True,False,14,True,38,16,True,39,16,True,63,20,True,64,20,205
orb_0079,moved_cov,13,False,2,34,115,63,True,False,13,True,24,13,True,29,11,True,29,11,True,30,17,206
orb_0385,moved_cov,19,False,2,34,115,63,True,False,18,True,31,18,True,81,18,True,35,15,True,47,20,207
orb_0137,seed,15,False,2,34,115,65,True,False,20,True,33,20,True,70,18,True,42,18,True,41,24,208
orb_0199,moved_cov,16,False,2,34,115,66,True,False,21,True,39,23,True,69,21,True,46,21,True,42,25,209
orb_0367,moved_cov,18,False,2,34,115,69,True,False,13,True,21,13,True,28,13,True,29,15,True,30,15,210
orb_0180,moved_cov,15,False,2,34,115,72,True,False,17,True,44,18,True,30,17,True,67,22,True,66,22,211
orb_0707,moved_cov,22,False,2,34,115,72,True,False,34,True,44,27,True,59,27,True,59,30,True,39,16,212
orb_0182,moved_cov,15,False,2,34,115,77,True,False,16,True,25,11,True,28,16,True,63,21,True,64,21,213
orb_0428,moved_cov,19,False,2,34,115,77,True,False,19,True,42,19,True,39,18,True,77,23,True,69,23,214
orb_0637,moved_cov,21,False,2,34,115,77,True,False,24,True,56,24,True,52,24,True,21,15,True,25,15,215
orb_0268,moved_cov,17,False,2,34,115,81,True,False,20,True,47,20,True,31,19,True,70,24,True,69,24,216
orb_0712,moved_cov,22,False,2,34,115,81,True,False,27,True,63,29,True,117,31,True,53,24,True,59,23,217
orb_0910,moved_cov,25,False,2,34,115,82,True,False,29,True,150,47,True,268,57,True,35,18,True,36,18,218
orb_0323,moved_cov,18,False,2,34,115,98,True,False,18,True,42,17,True,77,13,True,42,17,True,28,17,219
orb_0167,moved_cov,15,False,2,34,115,100,True,False,19,True,49,20,True,123,24,True,48,20,True,34,20,220
orb_0145,seed,15,False,2,34,115,101,True,False,19,True,48,20,True,90,16,True,47,20,True,33,20,221
orb_0848,moved_cov,24,False,2,34,115,101,True,False,26,True,64,26,True,122,24,True,93,24,True,96,28,222
orb_0324,moved_cov,18,False,2,34,115,102,True,False,20,True,43,19,True,78,15,True,42,19,True,28,19,223
orb_0443,moved_cov,19,False,2,34,115,103,True,False,25,True,71,25,True,99,27,True,95,29,True,98,31,224
orb_0488,moved_cov,19,False,2,34,115,109,True,False,21,True,64,22,True,85,21,True,95,29,True,122,28,225
orb_0276,moved_cov,17,False,2,34,115,110,True,False,42,True,79,38,True,945,64,True,542,69,True,598,63,226
orb_0242,moved_cov,17,False,2,34,115,114,True,False,19,True,48,20,True,95,19,True,47,20,True,34,20,227
orb_0606,moved_cov,21,False,3,115,389,122,True,False,41,True,81,38,True,405,56,True,429,59,True,559,60,228
orb_0351,moved_cov,18,False,3,115,389,127,True,False,13,True,128,17,True,235,23,True,37,15,True,53,15,229
orb_1128,moved_cov,29,False,3,115,389,129,True,False,36,True,42,17,True,33,17,True,61,18,True,158,39,230
orb_0979,moved_cov,26,False,3,115,389,130,True,False,27,True,73,29,True,91,27,True,108,28,True,141,30,231
orb_0849,moved_cov,24,False,3,115,389,132,True,False,24,True,48,26,True,91,32,True,89,28,True,120,36,232
orb_0228,moved_cov,17,False,3,115,389,143,True,False,19,True,38,19,True,44,16,True,58,15,True,151,36,233
orb_0394,moved_cov,19,False,3,115,389,144,True,False,19,True,38,19,True,44,16,True,57,15,True,150,36,234
orb_1459,moved_cov,42,False,3,115,389,145,True,False,48,True,97,48,True,123,44,True,101,46,True,120,52,235
orb_0847,moved_cov,24,False,3,115,389,148,True,False,36,True,74,37,True,127,36,True,79,41,True,67,41,236
orb_0359,moved_cov,18,False,3,115,389,149,True,False,23,True,26,16,True,32,16,True,34,19,True,42,24,237
orb_0230,moved_cov,17,False,3,115,389,152,True,False,19,True,40,19,True,46,16,True,64,15,True,155,36,238
orb_0437,moved_cov,19,False,3,115,389,153,True,False,22,True,43,22,True,32,20,True,28,20,True,28,20,239
orb_0801,moved_cov,24,False,3,115,389,157,True,False,25,True,99,32,True,90,21,True,74,21,True,58,26,240
orb_0458,seed,19,False,3,115,389,165,True,False,26,True,98,33,True,91,22,True,74,22,True,57,27,241
orb_0150,moved_cov,15,False,3,115,389,173,True,False,27,True,75,26,True,102,24,True,88,26,True,87,28,242
orb_0524,moved_cov,20,False,3,115,389,173,True,False,15,True,122,15,True,229,19,True,34,13,True,50,13,243
orb_0974,moved_cov,26,False,3,115,389,177,True,False,29,True,103,37,True,171,28,True,77,26,True,60,31,244
orb_0689,moved_cov,22,False,3,115,389,184,True,False,27,True,103,34,True,182,27,True,80,23,True,85,26,245
orb_0718,moved_cov,23,False,3,115,389,185,True,False,20,True,100,30,True,91,19,True,70,19,True,57,17,246
orb_0915,moved_cov,25,False,3,115,389,188,True,False,23,True,67,24,True,137,33,True,223,22,True,242,46,247
orb_0457,moved_cov,19,False,3,115,389,189,True,False,22,True,65,22,True,72,20,True,221,20,True,237,42,248
orb_1092,moved_cov,29,False,3,115,389,191,True,False,24,True,67,24,True,78,28,True,221,22,True,238,44,249
orb_0344,moved_cov,18,False,3,115,389,198,True,False,28,True,82,23,True,101,25,True,93,27,True,93,29,250
orb_0686,moved_cov,22,False,3,115,389,203,True,False,33,True,82,33,True,132,36,True,186,38,True,158,38,251
orb_0781,moved_cov,23,False,3,115,389,208,True,False,30,True,85,32,True,37,15,True,172,24,True,239,43,252
orb_0787,moved_cov,23,False,3,115,389,219,True,False,13,True,91,13,True,29,12,True,28,13,True,74,13,253
orb_1157,moved_cov,30,False,3,115,389,222,True,False,26,True,108,25,True,103,19,True,121,25,True,124,36,254
orb_0393,moved_cov,19,False,3,115,389,223,True,False,24,True,86,23,True,75,21,True,249,21,True,239,43,255
orb_0985,moved_cov,26,False,3,115,389,228,True,False,25,True,105,24,True,101,18,True,117,24,True,122,35,256
orb_0492,moved_cov,20,False,3,115,389,271,True,False,30,True,115,29,True,190,36,True,104,29,True,97,29,257
orb_0537,moved_cov,21,False,3,115,389,271,True,False,33,True,76,32,True,125,33,True,190,34,True,156,34,258
orb_0119,moved_cov,14,False,3,115,389,275,True,False,33,True,77,32,True,128,35,True,188,34,True,156,34,259
orb_0371,moved_cov,18,False,3,115,389,278,True,False,27,True,85,19,True,113,17,True,94,19,True,113,30,260
orb_0216,moved_cov,16,False,3,115,389,280,True,False,12,True,134,12,True,25,9,True,62,19,True,49,19,261
orb_0700,moved_cov,22,False,3,115,389,284,True,False,31,True,117,38,True,103,27,True,83,27,True,66,32,262
orb_0719,moved_cov,23,False,3,115,389,286,True,False,22,True,85,23,True,166,22,True,65,21,True,58,19,263
orb_0217,moved_cov,16,False,3,115,389,291,True,False,18,True,135,14,True,36,12,True,56,16,True,45,16,264
orb_0286,moved_cov,17,False,3,115,389,315,True,False,34,True,122,35,True,229,46,True,191,35,True,154,37,265
orb_0987,moved_cov,26,False,3,115,389,318,True,False,32,True,151,30,True,113,20,True,141,30,True,143,39,266
orb_0191,moved_cov,16,False,3,115,389,322,True,False,28,True,240,38,True,578,39,True,264,42,True,600,63,267
orb_0384,moved_cov,19,False,3,115,389,343,True,False,45,True,122,42,True,259,52,True,191,44,True,157,44,268
orb_0172,moved_cov,15,False,3,115,389,357,True,False,32,True,130,31,True,168,35,True,112,31,True,103,33,269
orb_0151,moved_cov,15,False,3,115,389,358,True,False,33,True,145,31,True,580,37,True,232,44,True,365,55,270
orb_1052,moved_cov,28,False,3,115,389,375,True,False,30,True,125,37,True,85,21,True,79,26,True,85,29,271
orb_1161,moved_cov,30,False,3,115,389,383,True,False,40,True,186,43,True,253,45,True,267,44,True,271,46,272
orb_0528,moved_cov,20,False,3,115,389,384,True,False,14,True,124,14,True,73,14,True,95,13,True,46,13,273
orb_0605,moved_cov,21,False,3,115,389,384,True,False,39,True,178,40,True,257,41,True,267,42,True,266,44,274
orb_0711,moved_cov,22,False,3,115,389,387,True,False,35,True,158,44,True,259,52,True,344,44,True,148,45,275
orb_0705,moved_cov,22,False,4,389,1313,395,True,False,42,True,185,38,True,178,37,True,167,41,True,103,17,276
orb_0461,moved_cov,19,False,4,389,1313,402,True,False,39,True,149,38,True,175,42,True,247,38,True,223,40,277
orb_1022,moved_cov,27,False,4,389,1313,403,True,False,40,True,149,40,True,212,32,True,247,40,True,225,42,278
orb_1182,moved_cov,31,False,4,389,1313,410,True,False,49,True,689,39,True,39160,99,True,7576,119,True,6281,118,279
orb_0650,moved_cov,21,False,4,389,1313,435,True,False,48,True,687,38,True,17950,83,True,7562,115,True,6271,114,280
orb_0824,moved_cov,24,False,4,389,1313,435,True,False,77,True,159,77,True,224,67,True,150,75,True,160,75,281
orb_1162,moved_cov,30,False,4,389,1313,488,True,False,65,True,240,31,True,193,37,True,674,69,True,779,69,282
orb_0321,moved_cov,18,False,4,389,1313,491,True,False,38,True,235,35,True,576,37,True,295,50,True,551,61,283
orb_1048,moved_cov,27,False,4,389,1313,522,True,False,59,True,906,68,True,1704,74,True,1778,106,True,1937,106,284
orb_1441,moved_cov,40,False,4,389,1313,534,True,False,51,True,483,51,True,1165,48,True,261,52,True,243,52,285
orb_0452,moved_cov,19,False,4,389,1313,543,True,False,55,True,356,53,True,375,53,True,299,53,True,296,55,286
orb_0757,moved_cov,23,False,4,389,1313,543,True,False,57,True,363,54,True,373,51,True,297,51,True,294,53,287
orb_0973,moved_cov,26,False,4,389,1313,544,True,False,46,True,221,45,True,201,46,True,150,36,True,131,38,288
orb_0277,moved_cov,17,False,4,389,1313,592,True,False,98,True,371,96,True,312,96,True,2376,178,True,2504,154,289
orb_0429,moved_cov,19,False,4,389,1313,592,True,False,100,True,374,98,True,300,96,True,2376,177,True,2515,155,290
orb_0802,moved_cov,24,False,4,389,1313,604,True,False,24,True,119,24,True,74,22,True,254,21,True,244,41,291
orb_0688,moved_cov,22,False,4,389,1313,619,True,False,25,True,118,24,True,146,28,True,125,26,True,122,37,292
orb_0919,moved_cov,25,False,4,389,1313,627,True,False,99,True,383,97,True,312,96,True,2145,153,True,2491,153,293
orb_0306,moved_cov,17,False,4,389,1313,645,True,False,24,True,128,23,True,110,21,True,261,20,True,224,41,294
orb_0830,moved_cov,24,False,4,389,1313,666,True,False,69,True,1475,85,True,3628,57,True,2219,91,True,2738,92,295
orb_0845,moved_cov,24,False,4,389,1313,688,True,False,56,True,376,54,True,215,48,True,348,39,True,177,39,296
orb_0380,moved_cov,19,False,4,389,1313,715,True,False,50,True,355,51,True,361,50,True,474,46,True,415,48,297
orb_0379,moved_cov,19,False,4,389,1313,727,True,False,51,True,368,55,True,415,52,True,473,46,True,411,48,298
orb_0722,moved_cov,23,False,4,389,1313,728,True,False,51,True,368,55,True,413,52,True,473,46,True,411,48,299
orb_0691,moved_cov,22,False,4,389,1313,788,True,False,48,True,361,40,True,343,48,True,340,45,True,233,45,300
orb_1055,moved_cov,28,False,4,389,1313,886,True,False,48,True,319,51,True,277,48,True,176,39,True,144,40,301
orb_1255,moved_cov,33,False,4,389,1313,978,True,False,51,True,180,47,True,778,46,True,375,47,True,721,56,302
orb_0651,moved_cov,21,False,4,389,1313,1000,True,False,65,True,1274,75,True,1236,65,True,2116,73,True,2592,73,303
orb_0231,moved_cov,17,False,4,389,1313,1132,True,False,54,True,316,40,True,266,45,True,244,42,True,371,44,304
orb_0229,moved_cov,17,False,4,389,1313,1134,True,False,53,True,315,42,True,271,54,True,255,44,True,405,46,305
orb_1279,moved_cov,34,False,4,389,1313,1148,True,False,66,True,1224,72,True,1413,59,True,6110,139,True,6248,157,306
orb_0629,moved_cov,21,False,4,389,1313,1164,True,False,71,True,1366,85,True,1587,74,True,2111,79,True,2607,79,307
orb_0471,moved_cov,19,False,4,389,1313,1168,True,False,72,True,1314,86,True,1641,80,True,2114,82,True,2599,82,308
orb_0599,moved_cov,21,False,4,389,1313,1186,True,False,76,True,527,58,True,486,67,True,374,64,True,613,64,309
orb_1393,moved_cov,38,False,4,389,1313,1198,True,False,41,True,663,41,True,415,32,True,305,40,True,318,40,310
orb_0756,moved_cov,23,False,4,389,1313,1216,True,False,48,True,436,45,True,319,45,True,204,44,True,310,55,311
orb_0857,moved_cov,25,False,4,389,1313,1305,True,False,77,True,626,64,True,690,69,True,379,70,True,626,70,312
orb_0294,moved_cov,17,False,4,389,1313,1311,True,False,76,True,630,63,True,677,69,True,382,65,True,609,66,313
orb_0349,moved_cov,18,False,5,1313,4432,1321,True,False,78,True,642,65,True,679,70,True,382,67,True,623,68,314
orb_0971,moved_cov,26,False,5,1313,4432,1458,True,False,78,True,434,77,True,630,87,True,543,81,True,715,80,315
orb_0916,moved_cov,25,False,5,1313,4432,1482,True,False,70,True,503,62,True,531,65,True,407,66,True,314,62,316
orb_0164,moved_cov,15,False,5,1313,4432,1626,True,False,74,True,440,73,True,707,94,True,537,72,True,700,72,317
orb_0951,moved_cov,26,False,5,1313,4432,1659,True,False,76,True,447,75,True,629,83,True,534,76,True,714,75,318
orb_0282,moved_cov,17,False,5,1313,4432,1730,True,False,76,True,447,75,True,629,85,True,534,76,True,716,75,319
orb_0517,moved_cov,20,False,5,1313,4432,1760,True,False,76,True,503,77,True,1012,106,True,531,76,True,716,76,320
orb_0839,moved_cov,24,False,5,1313,4432,1911,True,False,68,True,953,69,True,899,66,True,289,57,True,201,56,321
orb_1197,moved_cov,32,False,5,1313,4432,1928,True,False,37,True,562,37,True,388,35,True,433,49,True,484,58,322
orb_0162,moved_cov,15,False,5,1313,4432,1954,True,False,51,True,1987,42,True,47841,45,True,1570,48,True,1941,48,323
orb_0615,moved_cov,21,False,5,1313,4432,1962,True,False,53,True,1976,44,True,47847,48,True,1575,50,True,1936,50,324
orb_1159,moved_cov,30,False,5,1313,4432,1962,True,False,39,True,561,37,True,1011,41,True,624,49,True,544,57,325
orb_1152,moved_cov,30,False,5,1313,4432,1967,True,False,61,True,1978,51,True,48123,53,True,1577,59,True,1954,59,326
orb_0336,moved_cov,18,False,5,1313,4432,2117,True,False,9,True,255,9,True,56,9,True,16,9,True,16,9,327
orb_1158,moved_cov,30,False,5,1313,4432,2169,True,False,58,True,2285,51,True,48229,50,True,1816,56,True,2241,58,328
orb_1287,moved_cov,34,False,5,1313,4432,2251,True,False,64,True,2399,53,True,48263,56,True,1923,57,True,2431,57,329
orb_1223,moved_cov,32,False,5,1313,4432,2318,True,False,104,True,2060,111,True,2059,105,True,1517,112,True,2181,123,330
orb_0518,moved_cov,20,False,5,1313,4432,2384,True,False,33,True,839,33,True,302,33,True,356,33,True,202,42,331
orb_0204,moved_cov,16,False,5,1313,4432,2414,True,False,15,True,324,17,True,111,14,True,44,14,True,59,21,332
orb_1286,moved_cov,34,False,5,1313,4432,2495,True,False,48,True,887,46,True,347,46,True,417,46,True,259,57,333
orb_1160,moved_cov,30,False,5,1313,4432,2968,True,False,106,True,6151,89,True,14367,83,True,582,81,True,303,81,334
orb_0529,moved_cov,20,False,5,1313,4432,2976,True,False,78,True,976,75,True,394,32,True,1879,74,True,2421,74,335
orb_0430,moved_cov,19,False,5,1313,4432,3340,True,False,230,True,1065,228,True,1322,222,True,8995,380,True,11084,317,336
orb_0590,moved_cov,21,False,5,1313,4432,3340,True,False,232,True,1067,230,True,1307,222,True,8995,379,True,11132,318,337
orb_1122,moved_cov,29,False,5,1313,4432,3369,True,False,231,True,1079,229,True,1300,222,True,5154,337,True,11069,319,338
orb_0520,moved_cov,20,False,5,1313,4432,4337,True,False,62,True,3608,48,True,47834,50,True,2173,54,True,3180,54,339
orb_0270,moved_cov,17,False,6,4432,14958,4484,True,False,25,True,382,27,True,268,29,True,198,37,True,89,35,340
orb_0368,moved_cov,18,False,6,4432,14958,4494,True,False,25,True,372,28,True,267,26,True,198,37,True,99,35,341
orb_0373,moved_cov,18,False,6,4432,14958,4509,True,False,23,True,373,24,True,256,28,True,192,33,True,87,31,342
orb_0252,moved_cov,17,False,6,4432,14958,4652,True,False,43,True,554,39,True,573,40,True,208,39,True,368,50,343
orb_0628,moved_cov,21,False,6,4432,14958,4996,True,False,46,True,562,55,True,1471,66,True,804,46,True,1150,47,344
orb_0147,moved_cov,15,False,6,4432,14958,5017,True,False,44,True,566,41,True,576,41,True,200,40,True,366,51,345
orb_0755,moved_cov,23,False,6,4432,14958,5351,True,False,55,True,1264,55,True,838,62,True,451,48,True,884,54,346
orb_1365,moved_cov,38,False,6,4432,14958,5352,True,False,57,True,1266,57,True,876,65,True,452,50,True,884,56,347
orb_1224,moved_cov,32,False,6,4432,14958,5373,True,False,56,True,1286,55,True,899,65,True,451,50,True,866,56,348
orb_0981,moved_cov,26,False,6,4432,14958,5605,True,False,132,True,1987,135,True,7064,143,True,981,120,True,563,72,349
orb_1231,moved_cov,33,False,6,4432,14958,5804,True,False,57,True,1350,55,True,983,64,True,448,47,True,841,53,350
orb_0472,moved_cov,19,False,6,4432,14958,5879,True,False,45,True,909,45,True,522,45,True,1001,42,True,1463,60,351
orb_0611,moved_cov,21,False,6,4432,14958,6736,True,False,57,True,1361,56,True,1004,63,True,445,45,True,816,51,352
orb_0842,moved_cov,24,False,6,4432,14958,6757,True,False,44,True,5037,69,True,2640,43,True,1724,43,True,2758,59,353
orb_1121,moved_cov,29,False,6,4432,14958,6764,True,False,58,True,1359,55,True,270,53,True,444,47,True,545,47,354
orb_0312,moved_cov,17,False,6,4432,14958,6791,True,False,43,True,5008,67,True,2703,48,True,1656,43,True,2755,60,355
orb_0975,moved_cov,26,False,6,4432,14958,7372,True,False,59,True,2917,60,True,1808,44,True,817,58,True,525,59,356
orb_0782,moved_cov,23,False,6,4432,14958,8844,True,False,172,True,2176,165,True,2314,155,True,2398,163,True,1936,117,357
orb_0378,moved_cov,19,False,6,4432,14958,9162,True,False,149,True,4046,163,True,4370,167,True,1579,158,True,2517,158,358
orb_0835,moved_cov,24,False,6,4432,14958,9248,True,False,153,True,4385,169,True,4546,170,True,1571,159,True,2517,163,359
orb_0447,moved_cov,19,False,6,4432,14958,9447,True,False,153,True,4451,165,True,6105,170,True,1579,160,True,2517,160,360
orb_0448,moved_cov,19,False,6,4432,14958,9474,True,False,156,True,4490,167,True,6105,171,True,1580,162,True,2518,162,361
orb_1139,moved_cov,30,False,6,4432,14958,9478,True,False,154,True,4486,170,True,6121,170,True,1593,169,True,2516,167,362
orb_0838,moved_cov,24,False,6,4432,14958,10417,True,False,114,True,2787,115,True,1487,89,True,3027,83,True,6399,97,363
orb_0626,moved_cov,21,False,6,4432,14958,11994,True,False,79,True,4308,87,True,78199,86,True,4758,82,True,4549,98,364
orb_1181,moved_cov,31,False,6,4432,14958,11995,True,False,81,True,4309,89,True,78199,88,True,4758,84,True,4549,100,365
orb_1338,moved_cov,36,False,6,4432,14958,12130,True,False,54,True,25075,56,True,21009,76,True,5944,57,True,3582,68,366
orb_1388,moved_cov,38,False,6,4432,14958,12161,True,False,65,True,25078,65,True,17938,73,True,5603,52,True,2721,52,367
orb_1124,moved_cov,29,False,6,4432,14958,12320,True,False,104,True,2693,161,True,2166,121,True,8798,223,True,8798,239,368
orb_1134,moved_cov,30,False,6,4432,14958,13092,True,False,67,True,3978,54,True,2211,53,True,1747,55,True,2726,69,369
orb_0446,moved_cov,19,False,6,4432,14958,13197,True,False,68,True,4008,54,True,2211,53,True,1746,55,True,2728,69,370
orb_1035,moved_cov,27,False,6,4432,14958,13282,True,False,65,True,96903,101,False,100000,,True,32919,92,True,46566,101,371
orb_0836,moved_cov,24,False,6,4432,14958,13375,True,False,66,True,4017,54,True,2512,53,True,1739,55,True,2755,72,372
orb_1153,moved_cov,30,False,7,14958,50482,15085,True,False,162,True,4184,154,True,2959,178,True,3210,197,True,2566,179,373
orb_0690,moved_cov,22,False,7,14958,50482,17157,True,False,163,True,7226,152,True,2958,176,True,3194,190,True,2547,170,374
orb_0853,moved_cov,24,False,7,14958,50482,17369,True,False,178,True,7316,177,True,9865,188,True,4012,168,True,2199,118,375
orb_0526,moved_cov,20,False,7,14958,50482,17579,True,False,186,True,7283,176,True,9832,189,True,4018,171,True,2221,122,376
orb_0591,moved_cov,21,False,7,14958,50482,18320,True,False,490,True,3079,492,True,5198,468,True,33768,784,True,43297,694,377
orb_0751,moved_cov,23,False,7,14958,50482,18320,True,False,492,True,3079,494,True,5151,468,True,33768,783,True,43298,695,378
orb_1024,moved_cov,27,False,7,14958,50482,18390,True,False,107,True,7170,111,True,8253,111,True,6963,94,True,5867,94,379
orb_1253,moved_cov,33,False,7,14958,50482,18436,True,False,491,True,3076,493,True,5121,468,True,20125,723,True,43285,689,380
orb_0692,moved_cov,22,False,7,14958,50482,30822,True,False,66,True,5848,65,True,10080,66,True,1779,59,True,2907,79,381
orb_0205,moved_cov,16,False,7,14958,50482,33632,True,False,73,True,11939,67,True,10507,75,True,2775,71,True,3085,86,382
orb_1021,moved_cov,27,False,7,14958,50482,33989,True,False,68,True,10600,68,True,6655,63,True,1430,63,True,1045,70,383
orb_1086,moved_cov,28,False,7,14958,50482,35729,True,False,115,True,17416,124,True,27071,105,True,6632,132,True,5821,129,384
orb_0631,moved_cov,21,False,8,50482,170367,83601,True,False,93,True,9889,85,True,10556,80,True,9551,112,True,9575,127,385
orb_0531,moved_cov,21,False,8,50482,170367,94512,True,False,318,True,43579,372,True,30231,330,True,5569,347,True,10966,327,386
orb_0837,moved_cov,24,False,8,50482,170367,95621,True,False,322,True,43686,376,True,38303,332,True,5592,349,True,10966,329,387
orb_1489,moved_cov,46,False,8,50482,170367,96658,True,False,70,True,51272,76,True,32188,70,True,25957,149,True,32195,153,388
orb_0337,moved_cov,18,False,8,50482,170367,100000,False,True,,True,23236,12,True,5204,16,True,597,12,True,922,12,389
orb_0366,moved_cov,18,False,8,50482,170367,100000,False,True,,False,100000,,False,100000,,True,14003,90,True,86443,105,390
orb_0468,moved_cov,19,False,8,50482,170367,100000,False,True,,False,100000,,True,1054,72,True,3107,65,True,6574,84,391
orb_0470,moved_cov,19,False,8,50482,170367,100000,False,True,,True,19688,54,True,44199,78,True,10659,135,True,11557,151,392
orb_0576,moved_cov,21,False,8,50482,170367,100000,False,True,,False,100000,,True,45154,67,True,6938,66,True,16064,79,393
orb_0627,moved_cov,21,False,8,50482,170367,100000,False,True,,False,100000,,False,100000,,True,51818,347,True,26998,314,394
orb_0678,moved_cov,22,False,8,50482,170367,100000,False,True,,True,21389,11,True,3488,11,True,323,11,True,502,11,395
orb_0715,moved_cov,23,False,8,50482,170367,100000,False,True,,False,100000,,False,100000,,True,21562,738,True,43273,713,396
orb_0851,moved_cov,24,False,8,50482,170367,100000,False,True,,False,100000,,False,100000,,True,14013,92,True,86473,107,397
orb_0890,moved_cov,25,False,8,50482,170367,100000,False,True,,False,100000,,False,100000,,False,100000,,False,100000,,398
orb_0914,moved_cov,25,False,8,50482,170367,100000,False,True,,True,28607,365,True,44221,371,True,10707,401,True,12018,343,399
orb_0918,moved_cov,25,False,8,50482,170367,100000,False,True,,True,19674,53,True,44196,76,True,10659,137,True,11557,153,400
orb_0921,moved_cov,25,False,8,50482,170367,100000,False,True,,False,100000,,False,100000,,True,3653,86,True,6531,103,401
orb_0939,moved_cov,25,False,8,50482,170367,100000,False,True,,False,100000,,False,100000,,False,100000,,False,100000,,402
orb_0978,moved_cov,26,False,8,50482,170367,100000,False,True,,False,100000,,True,1064,67,True,3167,65,True,6514,84,403
orb_1020,moved_cov,27,False,8,50482,170367,100000,False,True,,False,100000,,False,100000,,True,21587,740,True,43273,715,404
orb_1034,moved_cov,27,False,8,50482,170367,100000,False,True,,False,100000,,False,100000,,True,17709,146,True,20196,162,405
orb_1051,moved_cov,27,False,8,50482,170367,100000,False,True,,False,100000,,False,100000,,True,51724,341,True,27049,316,406
orb_1076,moved_cov,28,False,8,50482,170367,100000,False,True,,True,28316,66,True,61296,64,True,27888,67,False,100000,,407
orb_1085,moved_cov,28,False,8,50482,170367,100000,False,True,,False,100000,,False,100000,,True,38609,810,True,43321,718,408
orb_1163,moved_cov,30,False,8,50482,170367,100000,False,True,,False,100000,,False,100000,,True,50689,267,True,26794,252,409
orb_1188,moved_cov,31,False,8,50482,170367,100000,False,True,,True,5276,64,True,3334,65,True,6879,62,True,5947,71,410
orb_1226,moved_cov,32,False,8,50482,170367,100000,False,True,,False,100000,,False,100000,,True,29559,498,True,15632,441,411
orb_1275,moved_cov,34,False,8,50482,170367,100000,False,True,,True,85747,88,True,87870,125,True,10236,117,True,11113,132,412
orb_1276,moved_cov,34,False,8,50482,170367,100000,False,True,,True,22299,372,True,44223,374,True,10098,407,True,11978,349,413
orb_1280,moved_cov,34,False,8,50482,170367,100000,False,True,,False,100000,,False,100000,,False,100000,,False,100000,,414
orb_1305,moved_cov,35,False,8,50482,170367,100000,False,True,,False,100000,,False,100000,,True,9104,102,True,13648,117,415
orb_1339,moved_cov,36,False,8,50482,170367,100000,False,True,,True,88386,77,True,53557,78,True,43765,81,False,100000,,416
orb_1389,moved_cov,38,False,8,50482,170367,100000,False,True,,False,100000,,False,100000,,False,100000,,True,59482,89,417
orb_1390,moved_cov,38,False,8,50482,170367,100000,False,True,,False,100000,,False,100000,,True,37708,819,True,43341,727,418
orb_1395,moved_cov,38,False,8,50482,170367,100000,False,True,,False,100000,,False,100000,,False,100000,,False,100000,,419
orb_1442,moved_cov,40,False,8,50482,170367,100000,False,True,,False,100000,,False,100000,,False,100000,,False,100000,,420
orb_1443,moved_cov,40,False,8,50482,170367,100000,False,True,,False,100000,,False,100000,,False,100000,,False,100000,,421
orb_1444,moved_cov,40,False,8,50482,170367,100000,False,True,,False,100000,,False,100000,,False,100000,,False,100000,,422
orb_1445,moved_cov,40,False,8,50482,170367,100000,False,True,,False,100000,,False,100000,,False,100000,,False,100000,,423
orb_1455,moved_cov,42,False,8,50482,170367,100000,False,True,,False,100000,,False,100000,,False,100000,,False,100000,,424
orb_1456,moved_cov,42,False,8,50482,170367,100000,False,True,,False,100000,,False,100000,,False,100000,,False,100000,,425
orb_1475,moved_cov,44,False,8,50482,170367,100000,False,True,,False,100000,,False,100000,,False,100000,,False,100000,,426
orb_1484,moved_cov,44,False,8,50482,170367,100000,False,True,,False,100000,,False,100000,,True,58450,74,True,73744,74,427
orb_1490,moved_cov,46,False,8,50482,170367,100000,False,True,,False,100000,,False,100000,,False,100000,,False,100000,,428
orb_1491,moved_cov,46,False,8,50482,170367,100000,False,True,,False,100000,,False,100000,,False,100000,,False,100000,,429
orb_1496,moved_cov,48,False,8,50482,170367,100000,False,True,,False,100000,,False,100000,,False,100000,,False,100000,,430
orb_1519,moved_cov,50,False,8,50482,170367,100000,False,True,,False,100000,,False,100000,,False,100000,,False,100000,,431
