pres_id,bin,aut_class,start_length,r1,r2,cov_r1,cov_r2,cov_z,b1k_greedy_solved,b1k_covgreedy_solved,cov_helped_b1k,outcome,L_orig,L_cov,d_L,K_orig,K_cov,d_K,MK_orig,MK_cov,d_MK,S_orig,S_cov,d_S,xyimb_orig,xyimb_cov,d_xyimb,prio_orig,prio_cov,d_prio
0,0,0,7,YYXyx,Yx,Xyx,YXyxYx,Yxy,true,true,false,already_solved,7.0,9.0,2.0,3.0,4.0,1.0,2.0,3.0,1.0,1.0,1.0,0.0,0.14285714285714285,0.1111111111111111,-0.031746031746031744,36.354285714285716,47.19777777777778,10.843492063492064
43,1,7,12,YYXyx,YYxYxYX,XXXYxyx,YxxyxYXX,xyX,true,true,false,already_solved,12.0,15.0,3.0,5.0,5.0,0.0,3.0,3.0,0.0,1.0,1.0,0.0,0.16666666666666666,0.3333333333333333,0.16666666666666666,52.910666666666664,56.45933333333333,3.5486666666666693
48,1,13,12,YYYxxYX,YYXyx,XXYYXy,YXXyx,Xy,true,true,false,already_solved,12.0,11.0,-1.0,4.0,4.0,0.0,2.0,2.0,0.0,1.25,1.25,0.0,0.16666666666666666,0.09090909090909091,-0.07575757575757575,46.07716666666666,44.82777272727272,-1.24939393939394
77,1,25,13,YYXyx,YXyXXyxx,XyXXyxxYxx,YXXyx,Xy,true,true,false,already_solved,13.0,15.0,2.0,5.0,5.0,0.0,3.0,3.0,0.0,1.2,1.0,-0.19999999999999996,0.07692307692307693,0.3333333333333333,0.2564102564102564,55.30683076923077,56.45933333333333,1.1525025641025621
141,1,46,13,YYXyx,YXyXyxxx,xYxxxyXXyXX,YxyXX,yx,true,true,false,already_solved,13.0,16.0,3.0,5.0,5.0,0.0,3.0,3.0,0.0,1.2,1.0,-0.19999999999999996,0.07692307692307693,0.375,0.2980769230769231,55.30683076923077,57.5965,2.2896692307692277
155,1,31,13,YYYYxyXX,YYXyx,XXYxy,YXXXXyxYxxxx,xyX,true,true,false,already_solved,13.0,17.0,4.0,4.0,5.0,1.0,2.0,3.0,1.0,1.25,1.0,-0.25,0.23076923076923078,0.4117647058823529,0.18099547511312214,47.288192307692306,58.71752941176471,11.429337104072403
201,2,19,14,YYYXyyx,YYXYxYx,XXXXXYxxyxx,YXXYxyxx,Xyx,true,true,false,already_solved,14.0,19.0,5.0,5.0,5.0,0.0,3.0,3.0,0.0,1.0,1.0,0.0,0.2857142857142857,0.47368421052631576,0.18796992481203006,55.302571428571426,60.921368421052634,5.618796992481208
203,3,10,14,YYYXyyx,YYxYXYx,YXXXXyXYxxx,YXXXyxx,Xyy,true,true,false,already_solved,14.0,18.0,4.0,5.0,5.0,0.0,3.0,3.0,0.0,1.0,1.0,0.0,0.2857142857142857,0.4444444444444444,0.15873015873015872,55.302571428571426,59.82511111111111,4.522539682539687
217,2,51,14,YYYXyyx,YYYxxyX,XYYxy,YXXXyxx,Xyy,true,true,false,already_solved,14.0,12.0,-2.0,4.0,4.0,0.0,2.0,2.0,0.0,1.25,1.25,0.0,0.2857142857142857,0.16666666666666666,-0.11904761904761904,48.469071428571425,46.07716666666666,-2.3919047619047618
228,0,52,14,YYYXyyx,YYXXYYx,xYXXX,YxxyXXX,yyx,true,true,false,already_solved,14.0,12.0,-2.0,4.0,3.0,-1.0,2.0,2.0,0.0,1.25,1.0,-0.25,0.2857142857142857,0.5,0.2142857142857143,48.469071428571425,42.53,-5.939071428571424
247,2,23,15,YYYXyyx,YYXyyXyx,XXXXXyxxYxx,YXXyyx,XyyXy,true,true,false,already_solved,15.0,17.0,2.0,5.0,4.0,-1.0,3.0,2.0,-1.0,1.0,1.25,0.25,0.3333333333333333,0.4117647058823529,0.0784313725490196,56.45933333333333,51.88402941176471,-4.575303921568626
265,3,49,15,YYYXyyx,YYYxYxYX,XXXXYxxyx,YxxxyxYXXX,xyX,true,true,false,already_solved,15.0,19.0,4.0,5.0,5.0,0.0,3.0,3.0,0.0,1.0,1.0,0.0,0.3333333333333333,0.47368421052631576,0.14035087719298245,56.45933333333333,60.921368421052634,4.4620350877193005
288,2,55,15,YYYYXXYx,YYYXyyx,xyxxYXXXX,YxxxxyxYXXXX,Xyx,true,true,false,already_solved,15.0,21.0,6.0,4.0,5.0,1.0,2.0,3.0,1.0,1.25,1.0,-0.25,0.3333333333333333,0.5238095238095238,0.19047619047619052,49.62583333333333,63.08638095238095,13.460547619047617
323,0,2,15,YYYYYx,YYYYXyyyx,XXY,YXXXXyxxx,Xyyy,true,true,false,already_solved,15.0,12.0,-3.0,3.0,3.0,0.0,2.0,2.0,0.0,1.0,1.0,0.0,0.6,0.5,-0.09999999999999998,45.8592,42.53,-3.3292
327,3,66,15,YYYYXyyyx,YYxYXX,XXyXYxxxxY,YxxxyXXXX,yyyx,true,true,false,already_solved,15.0,19.0,4.0,4.0,5.0,1.0,2.0,3.0,1.0,1.25,1.0,-0.25,0.3333333333333333,0.47368421052631576,0.14035087719298245,49.62583333333333,60.921368421052634,11.295535087719301
331,2,65,16,YYYYXyyyx,YYXYxYx,XXXXXXYxxxyxx,YXXYxyxx,Xyx,true,true,false,already_solved,16.0,21.0,5.0,5.0,5.0,0.0,3.0,3.0,0.0,1.0,1.0,0.0,0.375,0.5238095238095238,0.14880952380952384,57.5965,63.08638095238095,5.48988095238095
333,3,54,16,YYYYXyyyx,YYxyXYx,XXYxyXYxx,YXXXXyxxx,YYXyyy,true,true,false,already_solved,16.0,18.0,2.0,5.0,5.0,0.0,3.0,3.0,0.0,1.0,1.0,0.0,0.375,0.4444444444444444,0.06944444444444442,57.5965,59.82511111111111,2.228611111111114
367,2,72,17,YYYYXyyyx,YYXYYxYx,XXXXXXyXXYxxxYxxxx,YXXXXyxxx,Xyyy,true,true,false,already_solved,17.0,27.0,10.0,5.0,5.0,0.0,3.0,3.0,0.0,1.0,1.0,0.0,0.4117647058823529,0.6296296296296297,0.21786492374727673,58.71752941176471,69.43474074074074,10.717211328976028
380,3,77,17,YYYYXyyyx,YYYYxxyX,XYYxy,YXXXXyxxx,Xyyy,true,true,false,already_solved,17.0,14.0,-3.0,4.0,4.0,0.0,2.0,2.0,0.0,1.25,1.25,0.0,0.4117647058823529,0.2857142857142857,-0.12605042016806722,51.88402941176471,48.469071428571425,-3.4149579831932826
455,0,89,19,YYYYYXyyyyx,YYYYxYXX,XY,YxxxxyXXXXX,yyyyx,true,true,false,already_solved,19.0,13.0,-6.0,4.0,3.0,-1.0,2.0,2.0,0.0,1.25,1.0,-0.25,0.47368421052631576,0.5384615384615384,0.06477732793522267,54.08786842105263,43.656615384615385,-10.431253036437248
496,0,68,18,YYYYYYYXyyyyyyx,YYX,XXYx,YXXXXXXyxxxxxxx,YYYYYxyyyyyyy,true,true,false,already_solved,18.0,19.0,1.0,3.0,3.0,0.0,2.0,2.0,0.0,1.0,1.0,0.0,0.6666666666666666,0.6842105263157895,0.01754385964912286,49.07866666666666,50.136421052631576,1.0577543859649126
505,1,105,22,YYYYYYYXyyyyyyx,YYXyyxx,xxYxxYxxYxxYxxYXXyXXyXXyXXyX,YxxYxyXXyXX,Yxyy,true,true,false,already_solved,22.0,39.0,17.0,4.0,13.0,9.0,2.0,9.0,7.0,1.25,1.0,-0.25,0.5454545454545454,0.3333333333333333,-0.2121212121212121,57.32413636363636,139.20733333333334,81.88319696969697
521,0,83,21,YYYYYYYYXyyyyyyyx,YYYx,XXXXXXXXYxxxxxxx,YXXXXXXXXyxxxxxxx,YXyy,true,true,false,already_solved,21.0,33.0,12.0,3.0,3.0,0.0,2.0,2.0,0.0,1.0,1.0,0.0,0.7142857142857143,0.8181818181818182,0.10389610389610393,52.23542857142857,64.57745454545454,12.342025974025972
533,4,69,17,YYYYXyyyx,YYYXYxYx,XXXXXXXyXYxxxYxxxx,YXXXXyxxx,Xyyy,true,true,false,already_solved,17.0,27.0,10.0,5.0,5.0,0.0,3.0,3.0,0.0,1.0,1.0,0.0,0.4117647058823529,0.6296296296296297,0.21786492374727673,58.71752941176471,69.43474074074074,10.717211328976028
538,5,81,18,YYYYYXyyyyx,YYxYxYX,XXXYxxxYXyx,YXXXXXyxxxx,Xyyy,false,true,true,gain,18.0,22.0,4.0,5.0,5.0,0.0,3.0,3.0,0.0,1.0,1.0,0.0,0.4444444444444444,0.5454545454545454,0.101010101010101,59.82511111111111,64.15763636363636,4.332525252525244
543,5,88,19,YYYYYXyyyyx,YYYYXYxx,XXXXXXXXXYxxxxyxxxx,YXXXXYxyxxxx,Xyx,false,true,true,gain,19.0,31.0,12.0,4.0,5.0,1.0,2.0,3.0,1.0,1.25,1.0,-0.25,0.47368421052631576,0.6774193548387096,0.20373514431239387,54.08786842105263,73.59206451612903,19.504196095076395
544,5,74,19,YYYYYXyyyyx,YYYxyXYx,XXXXXXXYxxxxyxx,YxyXY,xYXy,false,true,true,gain,19.0,20.0,1.0,5.0,4.0,-1.0,3.0,2.0,-1.0,1.0,1.25,0.25,0.47368421052631576,0.5,0.026315789473684237,60.921368421052634,55.1745,-5.746868421052632
546,4,85,19,YYYYYXyyyyx,YYXYYxYx,XXXXXXXyXXYxxxxYxxxxx,YXXXXXyxxxx,Xyyyy,true,true,false,already_solved,19.0,32.0,13.0,5.0,5.0,0.0,3.0,3.0,0.0,1.0,1.0,0.0,0.47368421052631576,0.6875,0.21381578947368424,60.921368421052634,74.62525,13.70388157894736
548,4,82,19,YYYYYXyyyyx,YYxYYxyX,XXXYxxYxyx,YXXXXXyxxxx,Xyyy,true,true,false,already_solved,19.0,21.0,2.0,5.0,5.0,0.0,3.0,3.0,0.0,1.0,1.0,0.0,0.47368421052631576,0.5238095238095238,0.05012531328320807,60.921368421052634,63.08638095238095,2.1650125313283155
549,5,84,19,YYYYYXyyyyx,YYYxYxYX,YXXYXyx,YXXXXXyxxxx,Xyyy,false,true,true,gain,19.0,18.0,-1.0,5.0,5.0,0.0,3.0,3.0,0.0,1.0,1.0,0.0,0.47368421052631576,0.4444444444444444,-0.029239766081871343,60.921368421052634,59.82511111111111,-1.096257309941521
565,5,87,20,YYYYYYXyyyyyx,YYxyXYx,XXXXXXXYxxxxxyx,YxyXY,xYXy,false,true,true,gain,20.0,20.0,0.0,5.0,4.0,-1.0,3.0,2.0,-1.0,1.0,1.25,0.25,0.5,0.5,0.0,62.008,55.1745,-6.833500000000001
568,7,93,20,YYYYYYXyyyyyx,YYXYXyx,XXXXyxxxxxYXX,YxxyXYX,XYxy,false,false,false,still_unsolved,20.0,20.0,0.0,5.0,5.0,0.0,3.0,3.0,0.0,1.0,1.0,0.0,0.5,0.5,0.0,62.008,62.008,0.0
573,6,98,21,YYYYYYXyyyyyx,YYYYXYxx,XXXXXXXXXXyXYxxxxYxxxxxx,YXXXXXXyxxxxx,Xyyy,false,false,false,still_unsolved,21.0,37.0,16.0,4.0,5.0,1.0,2.0,3.0,1.0,1.25,1.0,-0.25,0.5238095238095238,0.7297297297297297,0.20592020592020588,56.25288095238095,79.76427027027027,23.511389317889325
575,6,87,21,YYYYYYXyyyyyx,YYYxyXYx,XXXXXXXXYxxxxxyxx,YxyXY,xYXy,false,true,true,gain,21.0,22.0,1.0,5.0,4.0,-1.0,3.0,2.0,-1.0,1.0,1.25,0.25,0.5238095238095238,0.5454545454545454,0.021645021645021578,63.08638095238095,57.32413636363636,-5.762244588744586
578,7,93,21,YYYYYYXyyyyyx,YYXYYXyx,XXXXyxxxxxYXX,YxxyXYX,XYxy,false,false,false,still_unsolved,21.0,20.0,-1.0,5.0,5.0,0.0,3.0,3.0,0.0,1.0,1.0,0.0,0.5238095238095238,0.5,-0.023809523809523836,63.08638095238095,62.008,-1.0783809523809467
579,3,100,21,YYYYYYXyyyyyx,YYYXYYxx,XXXXXXXXXyXXYxxxxYxxxxxx,YXXXXXXyxxxxx,Xyyy,true,true,false,already_solved,21.0,37.0,16.0,4.0,5.0,1.0,2.0,3.0,1.0,1.25,1.0,-0.25,0.5238095238095238,0.7297297297297297,0.20592020592020588,56.25288095238095,79.76427027027027,23.511389317889325
580,4,101,21,YYYYYYXyyyyyx,YYYxxYYX,XXXYxxxxxxYXXy,YXXXXXXyxxxxx,Xyyyyy,true,true,false,already_solved,21.0,27.0,6.0,4.0,5.0,1.0,2.0,3.0,1.0,1.25,1.0,-0.25,0.5238095238095238,0.6296296296296297,0.10582010582010581,56.25288095238095,69.43474074074074,13.181859788359787
581,6,99,21,YYYYYYXyyyyyx,YYYYxxYX,XXXXYxxxxxxYXy,YXXXXXXyxxxxx,Xyyyyy,false,true,true,gain,21.0,27.0,6.0,4.0,5.0,1.0,2.0,3.0,1.0,1.25,1.0,-0.25,0.5238095238095238,0.6296296296296297,0.10582010582010581,56.25288095238095,69.43474074074074,13.181859788359787
583,7,93,21,YYYYYYXyyyyyx,YYXyxYYx,XXXXXXXYxxxxxyx,YXYXyxx,XYxy,false,false,false,still_unsolved,21.0,22.0,1.0,5.0,5.0,0.0,3.0,3.0,0.0,1.0,1.0,0.0,0.5238095238095238,0.5454545454545454,0.021645021645021578,63.08638095238095,64.15763636363636,1.0712554112554074
586,6,99,21,YYYYYYXyyyyyx,YYYYxYXX,XXXXyXYxxxxxxY,YxxxxxyXXXXXX,yyyyyx,false,true,true,gain,21.0,27.0,6.0,4.0,5.0,1.0,2.0,3.0,1.0,1.25,1.0,-0.25,0.5238095238095238,0.6296296296296297,0.10582010582010581,56.25288095238095,69.43474074074074,13.181859788359787
589,4,94,21,YYYYYYXyyyyyx,YYYXYXYx,XXXYxxxxYXy,YXXXXXyxxxxxx,xyyyyyy,true,true,false,already_solved,21.0,24.0,3.0,5.0,5.0,0.0,3.0,3.0,0.0,1.0,1.0,0.0,0.5238095238095238,0.5833333333333334,0.059523809523809534,63.08638095238095,66.28233333333333,3.1959523809523773
596,7,97,22,YYYYYYYXyyyyyyx,YYxyXYx,XXXXXXXXYxxxxxxyx,YxyXY,xYXy,false,false,false,still_unsolved,22.0,22.0,0.0,5.0,4.0,-1.0,3.0,2.0,-1.0,1.0,1.25,0.25,0.5454545454545454,0.5454545454545454,0.0,64.15763636363636,57.32413636363636,-6.833499999999994
602,6,103,22,YYYYYYYXyyyyyyx,YYYxYXX,XXXXXXXyXYxxxxYxxxx,YXXXXXXyxxxxxxx,YYxyyyyyyy,false,true,true,gain,22.0,34.0,12.0,4.0,5.0,1.0,2.0,3.0,1.0,1.25,1.0,-0.25,0.5454545454545454,0.7058823529411765,0.1604278074866311,57.32413636363636,76.68576470588235,19.361628342245986
605,8,97,23,YYYYYYYXyyyyyyx,YYYXyxYX,XXXYxyXYxxx,YXXXXXXyxxxxxxx,YYYxyyyyyyy,false,false,false,still_unsolved,23.0,26.0,3.0,5.0,5.0,0.0,3.0,3.0,0.0,1.0,1.0,0.0,0.5652173913043478,0.6153846153846154,0.050167224080267636,65.22269565217391,68.38784615384616,3.165150501672244
606,5,107,23,YYYYYYYXyyyyyyx,YYYxxYYX,XXXXYxxxxxxYXXyx,YXXXXXXXyxxxxxx,Xyyyyy,false,true,true,gain,23.0,31.0,8.0,4.0,5.0,1.0,2.0,3.0,1.0,1.25,1.0,-0.25,0.5652173913043478,0.6774193548387096,0.11220196353436185,58.38919565217391,73.59206451612903,15.202868863955118
609,4,104,23,YYYYYYYXyyyyyyx,YYYxYxyX,YXXXXYxyxxx,YXXXXXXXyxxxxxx,Xyyy,false,true,true,gain,23.0,26.0,3.0,5.0,5.0,0.0,3.0,3.0,0.0,1.0,1.0,0.0,0.5652173913043478,0.6153846153846154,0.050167224080267636,65.22269565217391,68.38784615384616,3.165150501672244
610,8,97,23,YYYYYYYXyyyyyyx,YYYxYXyx,XXXXXXXYxxxxxxy,YYXyx,XYxy,false,false,false,still_unsolved,23.0,20.0,-3.0,5.0,4.0,-1.0,3.0,2.0,-1.0,1.0,1.25,0.25,0.5652173913043478,0.5,-0.06521739130434778,65.22269565217391,55.1745,-10.04819565217391
622,8,106,24,YYYYYYYYXyyyyyyyx,YYxyXYx,XXXXXXXXXXyxxxxxxxYxx,YxYxyX,xyX,false,false,false,still_unsolved,24.0,27.0,3.0,5.0,5.0,0.0,3.0,3.0,0.0,1.0,1.0,0.0,0.5833333333333334,0.6296296296296297,0.04629629629629628,66.28233333333333,69.43474074074074,3.1524074074074093
623,8,106,24,YYYYYYYYXyyyyyyyx,YYXyxYX,XXXXXXXyxYxxxxxxy,YxyXYX,yx,false,false,false,still_unsolved,24.0,23.0,-1.0,5.0,6.0,1.0,3.0,3.0,0.0,1.0,1.0,0.0,0.5833333333333334,0.4782608695652174,-0.10507246376811596,66.28233333333333,67.4664347826087,1.1841014492753743
624,8,106,24,YYYYYYYYXyyyyyyyx,YYxYXyx,XXXXXXXXyxxxxxxYxyx,YXYXyx,Xy,false,false,false,still_unsolved,24.0,25.0,1.0,5.0,6.0,1.0,3.0,3.0,0.0,1.0,1.0,0.0,0.5833333333333334,0.52,-0.06333333333333335,66.28233333333333,69.60384,3.3215066666666786
625,8,106,24,YYYYYYYYXyyyyyyyx,YYXYxyX,XXXXXXYXyxYxxxxxxx,YXXXXXXXyxxxxxxxx,xyyyy,false,false,false,still_unsolved,24.0,35.0,11.0,5.0,5.0,0.0,3.0,3.0,0.0,1.0,1.0,0.0,0.5833333333333334,0.7142857142857143,0.13095238095238093,66.28233333333333,77.71342857142857,11.431095238095239
628,7,110,25,YYYYYYYYXyyyyyyyx,YYXyXyyx,XyXyXYYxYxx,YXyXyXyXyXyXyXyxYxYxYxYxYxYxYx,YYYYYYYxyyyyyyy,false,true,true,gain,25.0,41.0,16.0,5.0,19.0,14.0,3.0,15.0,12.0,1.0,1.0526315789473684,0.05263157894736836,0.6,0.024390243902439025,-0.5756097560975609,67.3372,194.32345057766366,126.98625057766367
632,6,111,25,YYYYYYYYXyyyyyyyx,YYYYXXYx,XXXXYxxxxxYXy,YXXXXXXXyxxxxxxxx,YYxyyyyyyyy,false,true,true,gain,25.0,30.0,5.0,4.0,5.0,1.0,2.0,3.0,1.0,1.25,1.0,-0.25,0.6,0.6666666666666666,0.06666666666666665,60.5037,72.55666666666667,12.05296666666667
633,7,110,25,YYYYYYYYXyyyyyyyx,YYXyyxyx,xYxYxYxYxYxYxYxYXyXyXyXyXyXyXy,YYxYxyXyX,XYYxyy,false,true,true,gain,25.0,39.0,14.0,5.0,19.0,14.0,3.0,15.0,12.0,1.0,1.0,0.0,0.6,0.02564102564102564,-0.5743589743589743,67.3372,191.88241025641025,124.54521025641026
634,9,108,23,YYYYYYYXyyyyyyx,YYYXyyxx,XXyXXyXXyXXyXXYxxYxxYxxYxxx,YXXyXXyxYxxYxx,YYxyy,false,true,true,gain,23.0,41.0,18.0,4.0,13.0,9.0,2.0,8.0,6.0,1.25,1.0,-0.25,0.5652173913043478,0.36585365853658536,-0.19936373276776242,58.38919565217391,134.89639024390243,76.50719459172852
635,9,108,23,YYYYYYYXyyyyyyx,YYYXXyyx,xxYxxYxxYxxYXyXXyXXyXXy,YXXyXXyxYxxYxx,yyxYY,false,true,true,gain,23.0,37.0,14.0,4.0,13.0,9.0,2.0,8.0,6.0,1.25,1.0,-0.25,0.5652173913043478,0.2972972972972973,-0.26792009400705047,58.38919565217391,130.6707027027027,72.28150705052879
636,9,106,25,YYYYYYYYXyyyyyyyx,YYYXYxyX,XXXXXXYXyxYxxxxxxx,YXXXXXXXyxxxxxxxx,xyyyyy,false,false,false,still_unsolved,25.0,35.0,10.0,5.0,5.0,0.0,3.0,3.0,0.0,1.0,1.0,0.0,0.6,0.7142857142857143,0.11428571428571432,67.3372,77.71342857142857,10.37622857142857
637,9,106,25,YYYYYYYYXyyyyyyyx,YYYXyxYX,YXXXXXXyXYxxxxxxx,YXXXXXXXyxxxxxxxx,xyyy,false,false,false,still_unsolved,25.0,34.0,9.0,5.0,5.0,0.0,3.0,3.0,0.0,1.0,1.0,0.0,0.6,0.7058823529411765,0.10588235294117654,67.3372,76.68576470588235,9.348564705882353
638,9,106,25,YYYYYYYYXyyyyyyyx,YYYxyXYx,XXXXXXXXXXXyxxxxxxxYxxx,YxYxyX,xyX,false,false,false,still_unsolved,25.0,29.0,4.0,5.0,5.0,0.0,3.0,3.0,0.0,1.0,1.0,0.0,0.6,0.6551724137931034,0.05517241379310345,67.3372,71.5188275862069,4.181627586206901
639,9,106,25,YYYYYYYYXyyyyyyyx,YYYxYXyx,YxxxxxxxYXyXXXXXX,YxxxxxxxxyXXXXXXX,yyyX,false,false,false,still_unsolved,25.0,34.0,9.0,5.0,5.0,0.0,3.0,3.0,0.0,1.0,1.0,0.0,0.6,0.7058823529411765,0.10588235294117654,67.3372,76.68576470588235,9.348564705882353
