pres_id,bin,aut_class,start_length,r1,r2,b1k_greedy_solved,b1k_greedy_nodes,b1k_greedy_path,b1k_heur_solved,b1k_heur_nodes,b1k_heur_path,bestcov_z,bestcov_iso_gen,bestcov_iso_index,bestcov_class,bestcov_cap,bestcov_r1,bestcov_r2,bestcov_n_tied_starts,bestcov_prio,b1k_covgreedy_solved,b1k_covgreedy_nodes,b1k_covgreedy_path,b1k_covheur_solved,b1k_covheur_nodes,b1k_covheur_path,hsel_z,hsel_iso_gen,hsel_iso_index,hsel_class,hsel_cap,hsel_r1,hsel_r2,hsel_n_tied_starts,hsel_n_candidates,hsel_prio,same_as_bestcov,hsel_covgreedy_solved,hsel_covgreedy_nodes,hsel_covgreedy_path,hsel_covheur_solved,hsel_covheur_nodes,hsel_covheur_path
0,0,0,7,YYXyx,Yx,true,3,2,true,3,2,Yxy,y,0,relabel,24,Xyx,YXyxYx,2,47.19777777777778,true,2,1,true,2,1,yyX,x,0,,21,Y,YxxyX,1,11,32.354,false,true,3,2,true,3,2
43,1,7,12,YYXyx,YYxYxYX,true,13,9,true,14,11,xyX,x,1,relabel,24,XXXYxyx,YxxyxYXX,1,56.45933333333333,true,7,6,true,7,6,Yxy,x,0,,22,XXyyXY,YXyxx,4,36,44.82777272727272,false,true,9,8,true,11,8
48,1,13,12,YYYxxYX,YYXyx,true,18,11,true,13,11,Xy,x,1,moved,24,XXYYXy,YXXyx,2,44.82777272727272,true,9,8,true,9,8,Xy,x,1,moved,22,XXYYXy,YXXyx,1,32,44.82777272727272,true,true,9,8,true,9,8
77,1,25,13,YYXyx,YXyXXyxx,true,11,8,true,11,10,Xy,x,0,moved,26,XyXXyxxYxx,YXXyx,1,56.45933333333333,true,7,6,true,7,6,xy,x,0,,23,YYYxyyx,YXyxx,1,43,46.07716666666666,false,true,10,9,true,11,9
141,1,46,13,YYXyx,YXyXyxxx,true,12,10,true,12,10,yx,x,0,moved,27,xYxxxyXXyXX,YxyXX,1,57.5965,true,8,7,true,8,7,xy,x,0,,23,YYxyyyx,YXyxx,1,40,46.07716666666666,false,true,10,9,true,11,9
155,1,31,13,YYYYxyXX,YYXyx,true,18,12,true,13,12,xyX,x,0,relabel,28,XXYxy,YXXXXyxYxxxx,1,58.71752941176471,true,9,8,true,9,8,yx,x,1,,23,YXXXyxY,YxyXX,1,36,46.07716666666666,false,true,10,9,true,10,9
201,2,19,14,YYYXyyx,YYXYxYx,true,61,15,true,49,20,Xyx,x,1,relabel,27,XXXXXYxxyxx,YXXYxyxx,2,60.921368421052634,true,10,8,true,9,8,Xyxyy,x,1,,23,XXXYxxy,YYxyxx,3,48,47.288192307692306,false,true,37,12,true,85,17
203,3,10,14,YYYXyyx,YYxYXYx,true,116,16,true,98,20,Xyy,x,0,moved,27,YXXXXyXYxxx,YXXXyxx,1,59.82511111111111,true,32,9,true,70,12,Xyxy,x,1,,23,XXXYxxy,YYxyx,2,49,46.07716666666666,false,true,60,10,true,73,14
217,2,51,14,YYYXyyx,YYYxxyX,true,57,13,true,48,18,Xyy,x,0,moved,24,XYYxy,YXXXyxx,1,46.07716666666666,true,9,7,true,8,7,Xyy,x,0,moved,23,XYYxy,YXXXyxx,1,43,46.07716666666666,true,true,9,7,true,8,7
228,0,52,14,YYYXyyx,YYXXYYx,true,9,7,true,8,7,yyx,x,0,moved,24,xYXXX,YxxyXXX,1,42.53,true,4,3,true,4,3,yyx,x,0,moved,23,xYXXX,YxxyXXX,1,43,42.53,true,true,4,3,true,4,3
247,2,23,15,YYYXyyx,YYXyyXyx,true,46,9,true,70,13,XyyXy,x,1,relabel,27,XXXXXyxxYxx,YXXyyx,5,51.88402941176471,true,9,7,true,8,7,Yxyy,x,0,,23,YYxyx,YXXyxxx,1,55,46.07716666666666,false,true,60,10,true,73,14
265,3,49,15,YYYXyyx,YYYxYxYX,true,121,21,true,99,25,xyX,x,1,relabel,26,XXXXYxxyx,YxxxyxYXXX,1,60.921368421052634,true,62,11,true,74,15,yyX,x,0,,23,XYYXyXX,YxxxyXX,5,52,48.469071428571425,false,true,101,18,true,98,22
288,2,55,15,YYYYXXYx,YYYXyyx,true,106,17,true,97,21,Xyx,x,0,relabel,28,xyxxYXXXX,YxxxxyxYXXXX,1,63.08638095238095,true,12,9,true,10,9,xyyy,x,1,,23,XYYXy,YXXyxxx,1,48,46.07716666666666,false,true,47,10,true,73,14
323,0,2,15,YYYYYx,YYYYXyyyx,true,7,6,true,7,6,Xyyy,x,1,relabel,25,XXY,YXXXXyxxx,4,42.53,true,4,3,true,4,3,yyyy,x,0,,22,YYxxxy,Yxxxx,1,46,40.29181818181818,false,true,5,4,true,5,4
327,3,66,15,YYYYXyyyx,YYxYXX,true,273,29,true,198,34,yyyx,x,0,relabel,26,XXyXYxxxxY,YxxxyXXXX,1,60.921368421052634,true,25,16,true,26,16,yyXY,x,0,,25,YXyyXX,YxxxxyXXX,2,58,49.62583333333333,false,true,270,29,true,198,34
331,2,65,16,YYYYXyyyx,YYXYxYx,true,93,24,true,51,23,Xyx,x,1,relabel,29,XXXXXXYxxxyxx,YXXYxyxx,4,63.08638095238095,true,9,8,true,10,8,Xyxyy,x,1,,25,XXXXYxxxy,YYxyxx,4,65,49.62583333333333,false,true,29,10,true,77,19
333,3,54,16,YYYYXyyyx,YYxyXYx,true,313,35,true,224,31,YYXyyy,x,0,relabel,25,XXYxyXYxx,YXXXXyxxx,4,59.82511111111111,true,22,15,true,24,15,yXYx,x,1,,25,XXXXyxxxY,YxyXY,2,65,48.469071428571425,false,true,22,15,true,24,15
367,2,72,17,YYYYXyyyx,YYXYYxYx,true,83,21,true,64,25,Xyyy,x,0,relabel,34,XXXXXXyXXYxxxYxxxx,YXXXXyxxx,1,69.43474074074074,true,25,10,true,11,9,yyyXY,x,0,,25,XyXXYYX,YxxxxyXXX,4,70,50.763,false,true,61,17,true,100,22
380,3,77,17,YYYYXyyyx,YYYYxxyX,true,381,39,true,226,36,Xyyy,x,0,moved,25,XYYxy,YXXXXyxxx,1,48.469071428571425,true,22,15,true,24,15,Xyyy,x,0,moved,25,XYYxy,YXXXXyxxx,1,63,48.469071428571425,true,true,22,15,true,24,15
455,0,89,19,YYYYYXyyyyx,YYYYxYXX,true,10,9,true,10,9,yyyyx,x,0,moved,27,XY,YxxxxyXXXXX,1,43.656615384615385,true,3,2,true,3,2,yyyyx,x,0,moved,27,XY,YxxxxyXXXXX,1,85,43.656615384615385,true,true,3,2,true,3,2
496,0,68,18,YYYYYYYXyyyyyyx,YYX,true,4,3,true,4,3,YYYYYxyyyyyyy,x,0,relabel,31,XXYx,YXXXXXXyxxxxxxx,29,50.136421052631576,true,3,2,true,3,2,yyyyyyxYYYYY,x,0,,31,Y,YxxxxxxyXXXXXXX,1,110,44.411500000000004,false,true,3,2,true,3,2
505,1,105,22,YYYYYYYXyyyyyyx,YYXyyxx,true,34,23,true,23,17,Yxyy,y,1,moved,44,xxYxxYxxYxxYxxYXXyXXyXXyXXyX,YxxYxyXXyXX,1,139.20733333333334,true,15,14,true,15,14,xx,x,1,,31,XXXXXYxxxxxxyXX,YxxyyXX,4,133,57.32413636363636,false,true,32,21,true,22,17
521,0,83,21,YYYYYYYYXyyyyyyyx,YYYx,true,5,4,true,5,4,YXyy,x,0,relabel,33,XXXXXXXXYxxxxxxx,YXXXXXXXXyxxxxxxx,29,64.57745454545454,true,3,2,true,3,2,yyyyyyyyXYYYY,x,0,,33,Y,YxxxxxxxxyXXXXXXX,1,143,46.54866666666667,false,true,3,2,true,3,2
533,4,69,17,YYYYXyyyx,YYYXYxYx,true,438,43,true,227,38,Xyyy,x,0,relabel,34,XXXXXXXyXYxxxYxxxx,YXXXXyxxx,1,69.43474074074074,true,23,16,true,25,16,yyyXY,x,0,,25,XXyXYYX,YxxxxyXXX,4,69,50.763,false,true,270,32,true,225,35
538,5,81,18,YYYYYXyyyyx,YYxYxYX,false,1000,,true,531,32,Xyyy,x,0,relabel,27,XXXYxxxYXyx,YXXXXXyxxxx,3,64.15763636363636,true,13,12,true,14,12,Xyyxy,x,1,,27,XXXXXYxxxxy,YYxxyx,5,85,51.88402941176471,false,true,608,23,true,483,29
543,5,88,19,YYYYYXyyyyx,YYYYXYxx,false,1000,,true,160,52,Xyx,x,1,relabel,35,XXXXXXXXXYxxxxyxxxx,YXXXXYxyxxxx,1,73.59206451612903,true,118,42,true,56,32,yyXY,x,0,,27,XyXYYXXX,YxxxxxyXXXX,3,85,54.08786842105263,false,false,1000,,true,162,52
544,5,74,19,YYYYYXyyyyx,YYYxyXYx,false,1000,,true,160,48,xYXy,x,1,relabel,31,XXXXXXXYxxxxyxx,YxyXY,2,55.1745,true,117,41,true,55,31,yXYx,x,1,,27,XXXXXyxxxxY,YxyXY,2,89,50.763,false,true,121,41,true,55,31
546,4,85,19,YYYYYXyyyyx,YYXYYxYx,true,398,24,true,111,23,Xyyyy,x,0,relabel,37,XXXXXXXyXXYxxxxYxxxxx,YXXXXXyxxxx,1,74.62525,true,15,12,true,12,10,yyyXY,x,0,,27,yXXYYXX,YxxxxxyXXXX,5,90,52.99161111111111,false,true,297,21,true,99,20
548,4,82,19,YYYYYXyyyyx,YYxYYxyX,true,661,28,true,496,34,Xyyy,x,0,relabel,27,XXXYxxYxyx,YXXXXXyxxxx,4,63.08638095238095,true,13,12,true,13,12,xYXyy,x,1,,27,XXXXXYxxxxy,YxxyXY,4,91,51.88402941176471,false,true,59,15,true,130,19
549,5,84,19,YYYYYXyyyyx,YYYxYxYX,false,1000,,true,137,47,Xyyy,x,0,moved,27,YXXYXyx,YXXXXXyxxxx,1,59.82511111111111,true,226,54,true,90,36,yyyXY,x,0,,27,YYXyXXX,YxxxxxyXXXX,6,89,52.99161111111111,false,false,1000,,true,136,44
565,5,87,20,YYYYYYXyyyyyx,YYxyXYx,false,1000,,true,422,99,xYXy,x,1,relabel,31,XXXXXXXYxxxxxyx,YxyXY,2,55.1745,true,615,99,true,278,83,yXYx,x,1,,29,XXXXXXyxxxxxY,YxyXY,2,109,52.99161111111111,false,true,626,99,true,281,83
568,7,93,20,YYYYYYXyyyyyx,YYXYXyx,false,1000,,false,1000,,XYxy,x,1,relabel,29,XXXXyxxxxxYXX,YxxyXYX,2,62.008,false,1000,,false,1000,,xyxyy,x,1,,29,XXXXXXYxxxxxy,YXyyxx,7,108,54.08786842105263,false,false,1000,,false,1000,
573,6,98,21,YYYYYYXyyyyyx,YYYYXYxx,false,1000,,false,1000,,Xyyy,x,0,relabel,40,XXXXXXXXXXyXYxxxxYxxxxxx,YXXXXXXyxxxxx,5,79.76427027027027,false,1000,,false,1000,,yyXY,x,0,,29,yXYYXXXX,YxxxxxxyXXXXX,4,109,56.25288095238095,false,false,1000,,false,1000,
575,6,87,21,YYYYYYXyyyyyx,YYYxyXYx,false,1000,,true,422,102,xYXy,x,1,relabel,33,XXXXXXXXYxxxxxyxx,YxyXY,2,57.32413636363636,true,615,99,true,278,83,yXYx,x,1,,29,XXXXXXyxxxxxY,YxyXY,2,113,52.99161111111111,false,true,626,99,true,281,83
578,7,93,21,YYYYYYXyyyyyx,YYXYYXyx,false,1000,,false,1000,,XYxy,x,1,relabel,29,XXXXyxxxxxYXX,YxxyXYX,2,62.008,false,1000,,false,1000,,xyy,x,1,,27,XXXXYxxxxyy,YXyyxx,1,115,53.61123529411765,false,false,1000,,false,1000,
579,3,100,21,YYYYYYXyyyyyx,YYYXYYxx,true,366,26,true,101,25,Xyyy,x,0,relabel,40,XXXXXXXXXyXXYxxxxYxxxxxx,YXXXXXXyxxxxx,5,79.76427027027027,true,11,10,true,12,11,yyyXYY,x,0,,29,yXXYYXXX,YxxxxxxyXXXXX,3,109,56.25288095238095,false,true,374,29,true,102,25
580,4,101,21,YYYYYYXyyyyyx,YYYxxYYX,true,875,47,true,252,42,Xyyyyy,x,0,relabel,30,XXXYxxxxxxYXXy,YXXXXXXyxxxxx,1,69.43474074074074,true,25,17,true,22,17,yyyXYY,x,0,,29,YYXXyXXX,YxxxxxxyXXXXX,3,109,56.25288095238095,false,true,862,47,true,246,43
581,6,99,21,YYYYYYXyyyyyx,YYYYxxYX,false,1000,,true,385,99,Xyyyyy,x,0,relabel,30,XXXXYxxxxxxYXy,YXXXXXXyxxxxx,1,69.43474074074074,true,632,100,true,280,84,yyXY,x,0,,29,YYXyXXXX,YxxxxxxyXXXXX,4,109,56.25288095238095,false,false,1000,,true,384,99
583,7,93,21,YYYYYYXyyyyyx,YYXyxYYx,false,1000,,false,1000,,XYxy,x,1,relabel,31,XXXXXXXYxxxxxyx,YXYXyxx,2,64.15763636363636,false,1000,,false,1000,,yyX,x,1,,27,YXXXXyyxxxx,YxxyyX,1,116,53.61123529411765,false,false,1000,,false,1000,
586,6,99,21,YYYYYYXyyyyyx,YYYYxYXX,false,1000,,true,388,99,yyyyyx,x,0,relabel,30,XXXXyXYxxxxxxY,YxxxxxyXXXXXX,1,69.43474074074074,true,616,100,true,279,84,yyXY,x,0,,29,YXyyXXXX,YxxxxxxyXXXXX,4,109,56.25288095238095,false,false,1000,,true,386,99
589,4,94,21,YYYYYYXyyyyyx,YYYXYXYx,true,558,46,true,575,38,xyyyyyy,x,0,relabel,29,XXXYxxxxYXy,YXXXXXyxxxxxx,3,66.28233333333333,true,13,12,true,15,12,xyyyXy,x,1,,29,XXXXXyxxxxxYX,YYxxxyx,8,113,55.1745,false,true,191,23,true,484,34
596,7,97,22,YYYYYYYXyyyyyyx,YYxyXYx,false,1000,,false,1000,,xYXy,x,1,relabel,33,XXXXXXXXYxxxxxxyx,YxyXY,2,57.32413636363636,false,1000,,false,1000,,yXYx,x,1,,31,XXXXXXXyxxxxxxY,YxyXY,2,138,55.1745,false,false,1000,,false,1000,
602,6,103,22,YYYYYYYXyyyyyyx,YYYxYXX,false,1000,,true,824,52,YYxyyyyyyy,x,0,relabel,35,XXXXXXXyXYxxxxYxxxx,YXXXXXXyxxxxxxx,7,76.68576470588235,true,37,22,true,29,20,yyyyXYYY,x,0,,31,YXyyXXX,YxxxxxxxyXXXXXX,3,134,57.32413636363636,false,false,1000,,true,825,52
605,8,97,23,YYYYYYYXyyyyyyx,YYYXyxYX,false,1000,,false,1000,,YYYxyyyyyyy,x,0,relabel,31,XXXYxyXYxxx,YXXXXXXyxxxxxxx,9,68.38784615384616,false,1000,,false,1000,,XYxy,x,1,,31,XXXXXXyxxxxxxYX,YxyXY,4,142,55.1745,false,false,1000,,false,1000,
606,5,107,23,YYYYYYYXyyyyyyx,YYYxxYYX,false,1000,,true,829,45,Xyyyyy,x,0,relabel,32,XXXXYxxxxxxYXXyx,YXXXXXXXyxxxxxx,3,73.59206451612903,true,17,14,true,136,22,yyyyXYYY,x,0,,31,YYXXyXXX,YxxxxxxxyXXXXXX,3,138,58.38919565217391,false,false,1000,,true,825,44
609,4,104,23,YYYYYYYXyyyyyyx,YYYxYxyX,false,1000,,true,821,45,Xyyy,x,0,moved,31,YXXXXYxyxxx,YXXXXXXXyxxxxxx,8,68.38784615384616,true,37,22,true,29,20,yXYYYx,x,1,,31,XXXXXXXyxxxxxxY,YxyXXXY,6,140,57.32413636363636,false,true,403,40,true,434,42
610,8,97,23,YYYYYYYXyyyyyyx,YYYxYXyx,false,1000,,false,1000,,XYxy,x,1,relabel,31,XXXXXXXYxxxxxxy,YYXyx,2,55.1745,false,1000,,false,1000,,XYxy,x,1,relabel,31,XXXXXXXYxxxxxxy,YYXyx,2,141,55.1745,true,false,1000,,false,1000,
622,8,106,24,YYYYYYYYXyyyyyyyx,YYxyXYx,false,1000,,false,1000,,xyX,x,1,relabel,37,XXXXXXXXXXyxxxxxxxYxx,YxYxyX,1,69.43474074074074,false,1000,,false,1000,,yXYx,x,1,,33,XXXXXXXXyxxxxxxxY,YxyXY,2,169,57.32413636363636,false,false,1000,,false,1000,
623,8,106,24,YYYYYYYYXyyyyyyyx,YYXyxYX,false,1000,,false,1000,,yx,x,1,moved,33,XXXXXXXyxYxxxxxxy,YxyXYX,1,67.4664347826087,false,1000,,false,1000,,XYxy,x,1,,33,XXXXXXXyxxxxxxxYX,YxyXY,4,169,57.32413636363636,false,false,1000,,false,1000,
624,8,106,24,YYYYYYYYXyyyyyyyx,YYxYXyx,false,1000,,false,1000,,Xy,x,1,moved,35,XXXXXXXXyxxxxxxYxyx,YXYXyx,1,69.60384,false,1000,,false,1000,,XYxy,x,1,,33,XXXXXXXXYxxxxxxxy,YYXyx,2,169,57.32413636363636,false,false,1000,,false,1000,
625,8,106,24,YYYYYYYYXyyyyyyyx,YYXYxyX,false,1000,,false,1000,,xyyyy,x,0,relabel,34,XXXXXXYXyxYxxxxxxx,YXXXXXXXyxxxxxxxx,1,77.71342857142857,false,1000,,false,1000,,XYxy,x,1,,33,XXXXXXXXYxxxxxxxy,YYXyx,4,169,57.32413636363636,false,false,1000,,false,1000,
628,7,110,25,YYYYYYYYXyyyyyyyx,YYXyXyyx,false,1000,,true,106,36,YYYYYYYxyyyyyyy,y,0,relabel,46,XyXyXYYxYxx,YXyXyXyXyXyXyXyxYxYxYxYxYxYxYx,3,194.32345057766366,true,158,51,true,58,40,yxYYXy,x,1,,33,XXXXXXXXYxxxxxxxy,YxxyXXY,5,173,59.44883333333333,false,true,396,49,true,61,32
632,6,111,25,YYYYYYYYXyyyyyyyx,YYYYXXYx,false,1000,,true,831,57,YYxyyyyyyyy,x,0,relabel,33,XXXXYxxxxxYXy,YXXXXXXXyxxxxxxxx,7,72.55666666666667,true,39,22,true,31,20,yyyyXYYY,x,0,,33,yyXYXXXX,YxxxxxxxxyXXXXXXX,4,169,60.5037,false,false,1000,,true,824,57
633,7,110,25,YYYYYYYYXyyyyyyyx,YYXyyxyx,false,1000,,true,107,36,XYYxyy,y,1,relabel,46,xYxYxYxYxYxYxYxYXyXyXyXyXyXyXy,YYxYxyXyX,4,191.88241025641025,true,158,51,true,58,40,yx,x,1,,30,XXXXXXYYxxxxxy,YxxyyXX,1,173,58.05385714285714,false,true,428,48,true,63,32
634,9,108,23,YYYYYYYXyyyyyyx,YYYXyyxx,false,1000,,false,1000,,YYxyy,y,1,moved,43,XXyXXyXXyXXyXXYxxYxxYxxYxxx,YXXyXXyxYxxYxx,1,134.89639024390243,true,410,38,false,1000,,yXX,x,1,,31,XXXXXyxxxxxxYXX,YxxxyyXX,5,138,58.38919565217391,false,false,1000,,false,1000,
635,9,108,23,YYYYYYYXyyyyyyx,YYYXXyyx,false,1000,,false,1000,,yyxYY,y,1,moved,39,xxYxxYxxYxxYXyXXyXXyXXy,YXXyXXyxYxxYxx,1,130.6707027027027,true,410,38,false,1000,,yyyyXYYY,x,0,,31,yyxxYXXX,YxxxxxxxyXXXXXX,3,134,58.38919565217391,false,false,1000,,false,1000,
636,9,106,25,YYYYYYYYXyyyyyyyx,YYYXYxyX,false,1000,,false,1000,,xyyyyy,x,0,relabel,34,XXXXXXYXyxYxxxxxxx,YXXXXXXXyxxxxxxxx,1,77.71342857142857,false,1000,,false,1000,,XYxy,x,1,,33,XXXXXXXXYxxxxxxxy,YYXyx,4,172,57.32413636363636,false,false,1000,,false,1000,
637,9,106,25,YYYYYYYYXyyyyyyyx,YYYXyxYX,false,1000,,false,1000,,xyyy,x,0,moved,33,YXXXXXXyXYxxxxxxx,YXXXXXXXyxxxxxxxx,1,76.68576470588235,false,1000,,false,1000,,XYxy,x,1,,33,XXXXXXXyxxxxxxxYX,YxyXY,4,173,57.32413636363636,false,false,1000,,false,1000,
638,9,106,25,YYYYYYYYXyyyyyyyx,YYYxyXYx,false,1000,,false,1000,,xyX,x,1,relabel,39,XXXXXXXXXXXyxxxxxxxYxxx,YxYxyX,1,71.5188275862069,false,1000,,false,1000,,yXYx,x,1,,33,XXXXXXXXyxxxxxxxY,YxyXY,2,173,57.32413636363636,false,false,1000,,false,1000,
639,9,106,25,YYYYYYYYXyyyyyyyx,YYYxYXyx,false,1000,,false,1000,,yyyX,x,0,moved,33,YxxxxxxxYXyXXXXXX,YxxxxxxxxyXXXXXXX,1,76.68576470588235,false,1000,,false,1000,,XYxy,x,1,,33,XXXXXXXXYxxxxxxxy,YYXyx,2,172,57.32413636363636,false,false,1000,,false,1000,
