pres_id,bin,r1,r2,mu_in,best_mu,descended,best_rep,best_chain,best_nsubs,n_orbits_seen,stopped_reason,n_aut_canon,n_expanded,n_subs1_skipped,treat_cap,full1k_solved,full1k_nodes,full1k_path,full1k_min_relator_length,alpha_sweep,b1k_greedy_solved,b1k_greedy_nodes,b1k_heur_solved,b1k_heur_nodes,b1k_covgreedy_solved,b1k_covgreedy_nodes,control_source,cap_orig_solved,cap_orig_nodes,cap_autmin_solved,cap_autmin_nodes
0,0,YYXyx,Yx,6,6,False,"[""X"", ""YYXyx""]",[],[],1,stop_mu,1,1,0,24,True,3,2,2,"{""0"": {""solved"": true, ""B_rem"": 1000, ""spent_eq"": 0}, ""1"": {""solved"": true, ""B_rem"": 999, ""spent_eq"": 1}, ""2"": {""solved"": true, ""B_rem"": 998, ""spent_eq"": 2}, ""5"": {""solved"": true, ""B_rem"": 995, ""spent_eq"": 5}, ""10"": {""solved"": true, ""B_rem"": 990, ""spent_eq"": 10}, ""15"": {""solved"": true, ""B_rem"": 985, ""spent_eq"": 15}, ""33"": {""solved"": true, ""B_rem"": 967, ""spent_eq"": 33}}",True,3,True,3,True,2,/workspace/results/comparison/cov_heur_b1k_subset60.csv,True,3,True,3
496,0,YYYYYYYXyyyyyyx,YYX,16,16,False,"[""X"", ""YYYYYYYXyyyyyyx""]",[],[],4,closed,28,4,325,31,True,3,2,2,"{""0"": {""solved"": true, ""B_rem"": 1000, ""spent_eq"": 0}, ""1"": {""solved"": true, ""B_rem"": 972, ""spent_eq"": 28}, ""2"": {""solved"": true, ""B_rem"": 944, ""spent_eq"": 56}, ""5"": {""solved"": true, ""B_rem"": 860, ""spent_eq"": 140}, ""10"": {""solved"": true, ""B_rem"": 720, ""spent_eq"": 280}, ""15"": {""solved"": true, ""B_rem"": 580, ""spent_eq"": 420}, ""33"": {""solved"": true, ""B_rem"": 76, ""spent_eq"": 924}}",True,4,True,4,True,3,/workspace/results/comparison/cov_heur_b1k_subset60.csv,True,4,True,3
521,0,YYYYYYYYXyyyyyyyx,YYYx,18,18,False,"[""X"", ""YYYYYYYYXyyyyyyyx""]",[],[],4,closed,19,4,396,33,True,3,2,2,"{""0"": {""solved"": true, ""B_rem"": 1000, ""spent_eq"": 0}, ""1"": {""solved"": true, ""B_rem"": 981, ""spent_eq"": 19}, ""2"": {""solved"": true, ""B_rem"": 962, ""spent_eq"": 38}, ""5"": {""solved"": true, ""B_rem"": 905, ""spent_eq"": 95}, ""10"": {""solved"": true, ""B_rem"": 810, ""spent_eq"": 190}, ""15"": {""solved"": true, ""B_rem"": 715, ""spent_eq"": 285}, ""33"": {""solved"": true, ""B_rem"": 373, ""spent_eq"": 627}}",True,5,True,5,True,3,/workspace/results/comparison/cov_heur_b1k_subset60.csv,True,5,True,3
323,0,YYYYYx,YYYYXyyyx,10,10,False,"[""X"", ""YYYYXyyyx""]",[],[],1,stop_mu,1,1,0,25,True,3,2,2,"{""0"": {""solved"": true, ""B_rem"": 1000, ""spent_eq"": 0}, ""1"": {""solved"": true, ""B_rem"": 999, ""spent_eq"": 1}, ""2"": {""solved"": true, ""B_rem"": 998, ""spent_eq"": 2}, ""5"": {""solved"": true, ""B_rem"": 995, ""spent_eq"": 5}, ""10"": {""solved"": true, ""B_rem"": 990, ""spent_eq"": 10}, ""15"": {""solved"": true, ""B_rem"": 985, ""spent_eq"": 15}, ""33"": {""solved"": true, ""B_rem"": 967, ""spent_eq"": 33}}",True,7,True,7,True,4,/workspace/results/comparison/cov_heur_b1k_subset60.csv,True,7,True,3
228,0,YYYXyyx,YYXXYYx,14,8,True,"[""X"", ""YYYXyyx""]","[""yX""]",[2],6,stop_mu,12,2,33,24,True,3,2,2,"{""0"": {""solved"": true, ""B_rem"": 1000, ""spent_eq"": 0}, ""1"": {""solved"": true, ""B_rem"": 988, ""spent_eq"": 12}, ""2"": {""solved"": true, ""B_rem"": 976, ""spent_eq"": 24}, ""5"": {""solved"": true, ""B_rem"": 940, ""spent_eq"": 60}, ""10"": {""solved"": true, ""B_rem"": 880, ""spent_eq"": 120}, ""15"": {""solved"": true, ""B_rem"": 820, ""spent_eq"": 180}, ""33"": {""solved"": true, ""B_rem"": 604, ""spent_eq"": 396}}",True,9,True,8,True,4,/workspace/results/comparison/cov_heur_b1k_subset60.csv,True,9,True,8
455,0,YYYYYXyyyyx,YYYYxYXX,19,12,True,"[""X"", ""YYYYYXyyyyx""]","[""Xy""]",[2],9,stop_mu,20,2,67,27,True,3,2,2,"{""0"": {""solved"": true, ""B_rem"": 1000, ""spent_eq"": 0}, ""1"": {""solved"": true, ""B_rem"": 980, ""spent_eq"": 20}, ""2"": {""solved"": true, ""B_rem"": 960, ""spent_eq"": 40}, ""5"": {""solved"": true, ""B_rem"": 900, ""spent_eq"": 100}, ""10"": {""solved"": true, ""B_rem"": 800, ""spent_eq"": 200}, ""15"": {""solved"": true, ""B_rem"": 700, ""spent_eq"": 300}, ""33"": {""solved"": true, ""B_rem"": 340, ""spent_eq"": 660}}",True,10,True,10,True,3,/workspace/results/comparison/cov_heur_b1k_subset60.csv,True,10,True,10
77,1,YYXyx,YXyXXyxx,13,11,True,"[""YXXyx"", ""YYXyxx""]","[""yX""]",[2],9,stop_mu,14,2,31,24,True,7,6,2,"{""0"": {""solved"": true, ""B_rem"": 1000, ""spent_eq"": 0}, ""1"": {""solved"": true, ""B_rem"": 986, ""spent_eq"": 14}, ""2"": {""solved"": true, ""B_rem"": 972, ""spent_eq"": 28}, ""5"": {""solved"": true, ""B_rem"": 930, ""spent_eq"": 70}, ""10"": {""solved"": true, ""B_rem"": 860, ""spent_eq"": 140}, ""15"": {""solved"": true, ""B_rem"": 790, ""spent_eq"": 210}, ""33"": {""solved"": true, ""B_rem"": 538, ""spent_eq"": 462}}",True,11,True,11,True,7,/workspace/results/comparison/cov_heur_b1k_subset60.csv,True,11,True,9
43,1,YYXyx,YYxYxYX,11,11,False,"[""YXXyx"", ""YYXyXX""]",[],[],1,stop_mu,1,1,0,24,True,9,8,2,"{""0"": {""solved"": true, ""B_rem"": 1000, ""spent_eq"": 0}, ""1"": {""solved"": true, ""B_rem"": 999, ""spent_eq"": 1}, ""2"": {""solved"": true, ""B_rem"": 998, ""spent_eq"": 2}, ""5"": {""solved"": true, ""B_rem"": 995, ""spent_eq"": 5}, ""10"": {""solved"": true, ""B_rem"": 990, ""spent_eq"": 10}, ""15"": {""solved"": true, ""B_rem"": 985, ""spent_eq"": 15}, ""33"": {""solved"": true, ""B_rem"": 967, ""spent_eq"": 33}}",True,13,True,14,True,7,/workspace/results/comparison/cov_heur_b1k_subset60.csv,True,13,True,9
141,1,YYXyx,YXyXyxxx,13,11,True,"[""YXXyx"", ""YYXyXX""]","[""yx""]",[3],8,stop_mu,11,2,31,24,True,9,8,2,"{""0"": {""solved"": true, ""B_rem"": 1000, ""spent_eq"": 0}, ""1"": {""solved"": true, ""B_rem"": 989, ""spent_eq"": 11}, ""2"": {""solved"": true, ""B_rem"": 978, ""spent_eq"": 22}, ""5"": {""solved"": true, ""B_rem"": 945, ""spent_eq"": 55}, ""10"": {""solved"": true, ""B_rem"": 890, ""spent_eq"": 110}, ""15"": {""solved"": true, ""B_rem"": 835, ""spent_eq"": 165}, ""33"": {""solved"": true, ""B_rem"": 637, ""spent_eq"": 363}}",True,12,True,12,True,8,/workspace/results/comparison/cov_heur_b1k_subset60.csv,True,12,True,12
48,1,YYYxxYX,YYXyx,12,12,False,"[""YXXyx"", ""YYXyXXX""]",[],[],1,stop_mu,1,1,0,24,True,17,11,2,"{""0"": {""solved"": true, ""B_rem"": 1000, ""spent_eq"": 0}, ""1"": {""solved"": true, ""B_rem"": 999, ""spent_eq"": 1}, ""2"": {""solved"": true, ""B_rem"": 998, ""spent_eq"": 2}, ""5"": {""solved"": true, ""B_rem"": 995, ""spent_eq"": 5}, ""10"": {""solved"": true, ""B_rem"": 990, ""spent_eq"": 10}, ""15"": {""solved"": true, ""B_rem"": 985, ""spent_eq"": 15}, ""33"": {""solved"": true, ""B_rem"": 967, ""spent_eq"": 33}}",True,18,True,13,True,9,/workspace/results/comparison/cov_heur_b1k_subset60.csv,True,18,True,17
155,1,YYYYxyXX,YYXyx,13,12,True,"[""YXXyx"", ""YYXyXXX""]","[""Xy""]",[2],6,stop_mu,10,2,28,24,True,17,11,2,"{""0"": {""solved"": true, ""B_rem"": 1000, ""spent_eq"": 0}, ""1"": {""solved"": true, ""B_rem"": 990, ""spent_eq"": 10}, ""2"": {""solved"": true, ""B_rem"": 980, ""spent_eq"": 20}, ""5"": {""solved"": true, ""B_rem"": 950, ""spent_eq"": 50}, ""10"": {""solved"": true, ""B_rem"": 900, ""spent_eq"": 100}, ""15"": {""solved"": true, ""B_rem"": 850, ""spent_eq"": 150}, ""33"": {""solved"": true, ""B_rem"": 670, ""spent_eq"": 330}}",True,18,True,13,True,9,/workspace/results/comparison/cov_heur_b1k_subset60.csv,True,18,True,18
505,1,YYYYYYYXyyyyyyx,YYXyyxx,22,10,True,"[""YYXyX"", ""YXXyx""]","[""XXyx"", ""xx"", ""xy"", ""xyX"", ""yx"", ""yx"", ""xxy"", ""yx"", ""xxy"", ""yx"", ""yx""]","[2, 6, 3, 2, 4, 4, 2, 3, 2, 3, 3]",61,stop_mu,135,15,743,24,True,6,5,2,"{""0"": {""solved"": true, ""B_rem"": 1000, ""spent_eq"": 0}, ""1"": {""solved"": true, ""B_rem"": 865, ""spent_eq"": 135}, ""2"": {""solved"": true, ""B_rem"": 730, ""spent_eq"": 270}, ""5"": {""solved"": true, ""B_rem"": 325, ""spent_eq"": 675}, ""10"": {""solved"": false, ""B_rem"": 0, ""spent_eq"": 1000}, ""15"": {""solved"": false, ""B_rem"": 0, ""spent_eq"": 1000}, ""33"": {""solved"": false, ""B_rem"": 0, ""spent_eq"": 1000}}",True,34,True,23,True,15,/workspace/results/comparison/cov_heur_b1k_subset60.csv,True,34,True,33
247,2,YYYXyyx,YYXyyXyx,13,11,True,"[""YXXyx"", ""YYXyxx""]","[""XXy""]",[2],8,stop_mu,15,2,28,24,True,7,6,2,"{""0"": {""solved"": true, ""B_rem"": 1000, ""spent_eq"": 0}, ""1"": {""solved"": true, ""B_rem"": 985, ""spent_eq"": 15}, ""2"": {""solved"": true, ""B_rem"": 970, ""spent_eq"": 30}, ""5"": {""solved"": true, ""B_rem"": 925, ""spent_eq"": 75}, ""10"": {""solved"": true, ""B_rem"": 850, ""spent_eq"": 150}, ""15"": {""solved"": true, ""B_rem"": 775, ""spent_eq"": 225}, ""33"": {""solved"": true, ""B_rem"": 505, ""spent_eq"": 495}}",True,46,True,70,True,9,/workspace/results/comparison/cov_heur_b1k_subset60.csv,True,46,True,9
217,2,YYYXyyx,YYYxxyX,14,12,True,"[""YXXyx"", ""YYYXyyx""]","[""xy""]",[2],7,stop_mu,13,2,33,24,True,8,7,2,"{""0"": {""solved"": true, ""B_rem"": 1000, ""spent_eq"": 0}, ""1"": {""solved"": true, ""B_rem"": 987, ""spent_eq"": 13}, ""2"": {""solved"": true, ""B_rem"": 974, ""spent_eq"": 26}, ""5"": {""solved"": true, ""B_rem"": 935, ""spent_eq"": 65}, ""10"": {""solved"": true, ""B_rem"": 870, ""spent_eq"": 130}, ""15"": {""solved"": true, ""B_rem"": 805, ""spent_eq"": 195}, ""33"": {""solved"": true, ""B_rem"": 571, ""spent_eq"": 429}}",True,57,True,48,True,9,/workspace/results/comparison/cov_heur_b1k_subset60.csv,True,57,True,51
201,2,YYYXyyx,YYXYxYx,13,12,True,"[""YXXyx"", ""YYYXyyx""]","[""xy""]",[2],9,stop_mu,12,2,31,24,True,8,7,2,"{""0"": {""solved"": true, ""B_rem"": 1000, ""spent_eq"": 0}, ""1"": {""solved"": true, ""B_rem"": 988, ""spent_eq"": 12}, ""2"": {""solved"": true, ""B_rem"": 976, ""spent_eq"": 24}, ""5"": {""solved"": true, ""B_rem"": 940, ""spent_eq"": 60}, ""10"": {""solved"": true, ""B_rem"": 880, ""spent_eq"": 120}, ""15"": {""solved"": true, ""B_rem"": 820, ""spent_eq"": 180}, ""33"": {""solved"": true, ""B_rem"": 604, ""spent_eq"": 396}}",True,61,True,49,True,10,/workspace/results/comparison/cov_heur_b1k_subset60.csv,True,61,True,53
288,2,YYYYXXYx,YYYXyyx,15,12,True,"[""YXXYx"", ""YYYXyyx""]","[""xy""]",[2],7,stop_mu,12,2,38,24,True,55,10,2,"{""0"": {""solved"": true, ""B_rem"": 1000, ""spent_eq"": 0}, ""1"": {""solved"": true, ""B_rem"": 988, ""spent_eq"": 12}, ""2"": {""solved"": true, ""B_rem"": 976, ""spent_eq"": 24}, ""5"": {""solved"": true, ""B_rem"": 940, ""spent_eq"": 60}, ""10"": {""solved"": true, ""B_rem"": 880, ""spent_eq"": 120}, ""15"": {""solved"": true, ""B_rem"": 820, ""spent_eq"": 180}, ""33"": {""solved"": true, ""B_rem"": 604, ""spent_eq"": 396}}",True,106,True,97,True,12,/workspace/results/comparison/cov_heur_b1k_subset60.csv,True,106,True,97
367,2,YYYYXyyyx,YYXYYxYx,16,11,True,"[""YXXyx"", ""YYXyxx""]","[""yx"", ""XXy"", ""yy""]","[2, 2, 3]",15,stop_mu,36,4,120,24,True,7,6,2,"{""0"": {""solved"": true, ""B_rem"": 1000, ""spent_eq"": 0}, ""1"": {""solved"": true, ""B_rem"": 964, ""spent_eq"": 36}, ""2"": {""solved"": true, ""B_rem"": 928, ""spent_eq"": 72}, ""5"": {""solved"": true, ""B_rem"": 820, ""spent_eq"": 180}, ""10"": {""solved"": true, ""B_rem"": 640, ""spent_eq"": 360}, ""15"": {""solved"": true, ""B_rem"": 460, ""spent_eq"": 540}, ""33"": {""solved"": false, ""B_rem"": 0, ""spent_eq"": 1000}}",True,83,True,64,True,25,/workspace/results/comparison/cov_heur_b1k_subset60.csv,True,83,True,75
331,2,YYYYXyyyx,YYXYxYx,15,10,True,"[""YYXyX"", ""YXXyx""]","[""yy"", ""yx""]","[4, 2]",17,stop_mu,26,3,77,24,True,6,5,2,"{""0"": {""solved"": true, ""B_rem"": 1000, ""spent_eq"": 0}, ""1"": {""solved"": true, ""B_rem"": 974, ""spent_eq"": 26}, ""2"": {""solved"": true, ""B_rem"": 948, ""spent_eq"": 52}, ""5"": {""solved"": true, ""B_rem"": 870, ""spent_eq"": 130}, ""10"": {""solved"": true, ""B_rem"": 740, ""spent_eq"": 260}, ""15"": {""solved"": true, ""B_rem"": 610, ""spent_eq"": 390}, ""33"": {""solved"": true, ""B_rem"": 142, ""spent_eq"": 858}}",True,93,True,51,True,9,/workspace/results/comparison/cov_heur_b1k_subset60.csv,True,93,True,31
203,3,YYYXyyx,YYxYXYx,12,12,False,"[""YXXYx"", ""YYYXyyx""]",[],[],1,stop_mu,1,1,0,24,True,55,10,2,"{""0"": {""solved"": true, ""B_rem"": 1000, ""spent_eq"": 0}, ""1"": {""solved"": true, ""B_rem"": 999, ""spent_eq"": 1}, ""2"": {""solved"": true, ""B_rem"": 998, ""spent_eq"": 2}, ""5"": {""solved"": true, ""B_rem"": 995, ""spent_eq"": 5}, ""10"": {""solved"": true, ""B_rem"": 990, ""spent_eq"": 10}, ""15"": {""solved"": true, ""B_rem"": 985, ""spent_eq"": 15}, ""33"": {""solved"": true, ""B_rem"": 967, ""spent_eq"": 33}}",True,116,True,98,True,32,/workspace/results/comparison/cov_heur_b1k_subset60.csv,True,116,True,55
265,3,YYYXyyx,YYYxYxYX,14,12,True,"[""YXXYx"", ""YYYXyyx""]","[""xy""]",[2],7,stop_mu,10,2,36,24,True,55,10,2,"{""0"": {""solved"": true, ""B_rem"": 1000, ""spent_eq"": 0}, ""1"": {""solved"": true, ""B_rem"": 990, ""spent_eq"": 10}, ""2"": {""solved"": true, ""B_rem"": 980, ""spent_eq"": 20}, ""5"": {""solved"": true, ""B_rem"": 950, ""spent_eq"": 50}, ""10"": {""solved"": true, ""B_rem"": 900, ""spent_eq"": 100}, ""15"": {""solved"": true, ""B_rem"": 850, ""spent_eq"": 150}, ""33"": {""solved"": true, ""B_rem"": 670, ""spent_eq"": 330}}",True,121,True,99,True,62,/workspace/results/comparison/cov_heur_b1k_subset60.csv,True,121,True,100
579,3,YYYYYYXyyyyyx,YYYXYYxx,21,11,True,"[""YXXX"", ""YYYXyyX""]","[""xy"", ""XXXyx"", ""Yxxxy"", ""Xy""]","[2, 2, 2, 2]",21,stop_mu,61,5,260,24,True,8,7,2,"{""0"": {""solved"": true, ""B_rem"": 1000, ""spent_eq"": 0}, ""1"": {""solved"": true, ""B_rem"": 939, ""spent_eq"": 61}, ""2"": {""solved"": true, ""B_rem"": 878, ""spent_eq"": 122}, ""5"": {""solved"": true, ""B_rem"": 695, ""spent_eq"": 305}, ""10"": {""solved"": true, ""B_rem"": 390, ""spent_eq"": 610}, ""15"": {""solved"": true, ""B_rem"": 85, ""spent_eq"": 915}, ""33"": {""solved"": false, ""B_rem"": 0, ""spent_eq"": 1000}}",True,366,True,101,True,11,/workspace/results/comparison/cov_heur_b1k_subset60.csv,True,366,True,374
327,3,YYYYXyyyx,YYxYXX,15,12,True,"[""YXXyx"", ""YYXyxxx""]","[""xy"", ""yX"", ""yX"", ""yX""]","[2, 2, 2, 3]",26,stop_mu,52,6,181,24,True,10,9,2,"{""0"": {""solved"": true, ""B_rem"": 1000, ""spent_eq"": 0}, ""1"": {""solved"": true, ""B_rem"": 948, ""spent_eq"": 52}, ""2"": {""solved"": true, ""B_rem"": 896, ""spent_eq"": 104}, ""5"": {""solved"": true, ""B_rem"": 740, ""spent_eq"": 260}, ""10"": {""solved"": true, ""B_rem"": 480, ""spent_eq"": 520}, ""15"": {""solved"": true, ""B_rem"": 220, ""spent_eq"": 780}, ""33"": {""solved"": false, ""B_rem"": 0, ""spent_eq"": 1000}}",True,273,True,198,True,25,/workspace/results/comparison/cov_heur_b1k_subset60.csv,True,273,True,324
333,3,YYYYXyyyx,YYxyXYx,14,12,True,"[""YXXyx"", ""YYXyxxx""]","[""yX"", ""yX"", ""yX""]","[2, 2, 3]",20,stop_mu,40,5,134,24,True,10,9,2,"{""0"": {""solved"": true, ""B_rem"": 1000, ""spent_eq"": 0}, ""1"": {""solved"": true, ""B_rem"": 960, ""spent_eq"": 40}, ""2"": {""solved"": true, ""B_rem"": 920, ""spent_eq"": 80}, ""5"": {""solved"": true, ""B_rem"": 800, ""spent_eq"": 200}, ""10"": {""solved"": true, ""B_rem"": 600, ""spent_eq"": 400}, ""15"": {""solved"": true, ""B_rem"": 400, ""spent_eq"": 600}, ""33"": {""solved"": false, ""B_rem"": 0, ""spent_eq"": 1000}}",True,313,True,224,True,22,/workspace/results/comparison/cov_heur_b1k_subset60.csv,True,313,True,22
380,3,YYYYXyyyx,YYYYxxyX,17,12,True,"[""YXXyx"", ""YYXyxxx""]","[""xy"", ""yX"", ""yX"", ""yX""]","[2, 2, 2, 3]",27,stop_mu,57,6,183,24,True,10,9,2,"{""0"": {""solved"": true, ""B_rem"": 1000, ""spent_eq"": 0}, ""1"": {""solved"": true, ""B_rem"": 943, ""spent_eq"": 57}, ""2"": {""solved"": true, ""B_rem"": 886, ""spent_eq"": 114}, ""5"": {""solved"": true, ""B_rem"": 715, ""spent_eq"": 285}, ""10"": {""solved"": true, ""B_rem"": 430, ""spent_eq"": 570}, ""15"": {""solved"": true, ""B_rem"": 145, ""spent_eq"": 855}, ""33"": {""solved"": false, ""B_rem"": 0, ""spent_eq"": 1000}}",True,381,True,226,True,22,/workspace/results/comparison/cov_heur_b1k_subset60.csv,True,381,True,314
546,4,YYYYYXyyyyx,YYXYYxYx,18,11,True,"[""YXXX"", ""YYYXyyX""]","[""yy"", ""yx"", ""Xyx"", ""Xy""]","[6, 3, 3, 2]",18,stop_mu,50,5,203,24,True,8,7,2,"{""0"": {""solved"": true, ""B_rem"": 1000, ""spent_eq"": 0}, ""1"": {""solved"": true, ""B_rem"": 950, ""spent_eq"": 50}, ""2"": {""solved"": true, ""B_rem"": 900, ""spent_eq"": 100}, ""5"": {""solved"": true, ""B_rem"": 750, ""spent_eq"": 250}, ""10"": {""solved"": true, ""B_rem"": 500, ""spent_eq"": 500}, ""15"": {""solved"": true, ""B_rem"": 250, ""spent_eq"": 750}, ""33"": {""solved"": false, ""B_rem"": 0, ""spent_eq"": 1000}}",True,398,True,111,True,15,/workspace/results/comparison/cov_heur_b1k_subset60.csv,True,398,True,322
548,4,YYYYYXyyyyx,YYxYYxyX,17,12,True,"[""YXXyx"", ""YYYXyyX""]","[""xx"", ""yxY"", ""xx"", ""xy""]","[5, 2, 2, 2]",24,stop_mu,42,5,175,24,True,10,9,2,"{""0"": {""solved"": true, ""B_rem"": 1000, ""spent_eq"": 0}, ""1"": {""solved"": true, ""B_rem"": 958, ""spent_eq"": 42}, ""2"": {""solved"": true, ""B_rem"": 916, ""spent_eq"": 84}, ""5"": {""solved"": true, ""B_rem"": 790, ""spent_eq"": 210}, ""10"": {""solved"": true, ""B_rem"": 580, ""spent_eq"": 420}, ""15"": {""solved"": true, ""B_rem"": 370, ""spent_eq"": 630}, ""33"": {""solved"": false, ""B_rem"": 0, ""spent_eq"": 1000}}",True,661,True,496,True,13,/workspace/results/comparison/cov_heur_b1k_subset60.csv,True,661,True,56
533,4,YYYYXyyyx,YYYXYxYx,16,12,True,"[""YXXyx"", ""YYXyxxx""]","[""xy"", ""yX"", ""yX"", ""yX""]","[2, 2, 2, 3]",26,stop_mu,54,6,182,24,True,10,9,2,"{""0"": {""solved"": true, ""B_rem"": 1000, ""spent_eq"": 0}, ""1"": {""solved"": true, ""B_rem"": 946, ""spent_eq"": 54}, ""2"": {""solved"": true, ""B_rem"": 892, ""spent_eq"": 108}, ""5"": {""solved"": true, ""B_rem"": 730, ""spent_eq"": 270}, ""10"": {""solved"": true, ""B_rem"": 460, ""spent_eq"": 540}, ""15"": {""solved"": true, ""B_rem"": 190, ""spent_eq"": 810}, ""33"": {""solved"": false, ""B_rem"": 0, ""spent_eq"": 1000}}",True,438,True,227,True,23,/workspace/results/comparison/cov_heur_b1k_subset60.csv,True,438,True,270
589,4,YYYYYYXyyyyyx,YYYXYXYx,20,12,True,"[""YXXyx"", ""YYYXyyX""]","[""xxx"", ""yXy"", ""xy""]","[4, 2, 2]",17,stop_mu,31,4,169,24,True,10,9,2,"{""0"": {""solved"": true, ""B_rem"": 1000, ""spent_eq"": 0}, ""1"": {""solved"": true, ""B_rem"": 969, ""spent_eq"": 31}, ""2"": {""solved"": true, ""B_rem"": 938, ""spent_eq"": 62}, ""5"": {""solved"": true, ""B_rem"": 845, ""spent_eq"": 155}, ""10"": {""solved"": true, ""B_rem"": 690, ""spent_eq"": 310}, ""15"": {""solved"": true, ""B_rem"": 535, ""spent_eq"": 465}, ""33"": {""solved"": false, ""B_rem"": 0, ""spent_eq"": 1000}}",True,558,True,575,True,13,/workspace/results/comparison/cov_heur_b1k_subset60.csv,True,558,True,190
580,4,YYYYYYXyyyyyx,YYYxxYYX,21,12,True,"[""YXXyx"", ""YYXyXXX""]","[""xy"", ""XXyx"", ""xx"", ""xyX"", ""yx"", ""yX""]","[2, 2, 5, 2, 3, 3]",37,stop_mu,81,8,395,24,True,17,11,2,"{""0"": {""solved"": true, ""B_rem"": 1000, ""spent_eq"": 0}, ""1"": {""solved"": true, ""B_rem"": 919, ""spent_eq"": 81}, ""2"": {""solved"": true, ""B_rem"": 838, ""spent_eq"": 162}, ""5"": {""solved"": true, ""B_rem"": 595, ""spent_eq"": 405}, ""10"": {""solved"": true, ""B_rem"": 190, ""spent_eq"": 810}, ""15"": {""solved"": false, ""B_rem"": 0, ""spent_eq"": 1000}, ""33"": {""solved"": false, ""B_rem"": 0, ""spent_eq"": 1000}}",True,875,True,252,True,25,/workspace/results/comparison/cov_heur_b1k_subset60.csv,True,875,True,854
609,4,YYYYYYYXyyyyyyx,YYYxYxyX,22,12,True,"[""YXXyx"", ""YYXyXXX""]","[""xxx"", ""yxY"", ""yy"", ""xy"", ""yX"", ""yx"", ""yX""]","[5, 2, 2, 2, 2, 2, 3]",41,stop_mu,84,9,387,24,True,17,11,2,"{""0"": {""solved"": true, ""B_rem"": 1000, ""spent_eq"": 0}, ""1"": {""solved"": true, ""B_rem"": 916, ""spent_eq"": 84}, ""2"": {""solved"": true, ""B_rem"": 832, ""spent_eq"": 168}, ""5"": {""solved"": true, ""B_rem"": 580, ""spent_eq"": 420}, ""10"": {""solved"": true, ""B_rem"": 160, ""spent_eq"": 840}, ""15"": {""solved"": false, ""B_rem"": 0, ""spent_eq"": 1000}, ""33"": {""solved"": false, ""B_rem"": 0, ""spent_eq"": 1000}}",False,1000,True,821,True,37,/workspace/results/comparison/cov_heur_b1k_subset60.csv,False,1000,True,403
538,5,YYYYYXyyyyx,YYxYxYX,17,11,True,"[""YXXyx"", ""YYXyxx""]","[""xyy"", ""xy"", ""yX""]","[2, 3, 2]",31,stop_mu,52,6,243,24,True,7,6,2,"{""0"": {""solved"": true, ""B_rem"": 1000, ""spent_eq"": 0}, ""1"": {""solved"": true, ""B_rem"": 948, ""spent_eq"": 52}, ""2"": {""solved"": true, ""B_rem"": 896, ""spent_eq"": 104}, ""5"": {""solved"": true, ""B_rem"": 740, ""spent_eq"": 260}, ""10"": {""solved"": true, ""B_rem"": 480, ""spent_eq"": 520}, ""15"": {""solved"": true, ""B_rem"": 220, ""spent_eq"": 780}, ""33"": {""solved"": false, ""B_rem"": 0, ""spent_eq"": 1000}}",False,1000,True,531,True,13,/workspace/results/comparison/cov_heur_b1k_subset60.csv,False,1000,True,624
606,5,YYYYYYYXyyyyyyx,YYYxxYYX,23,11,True,"[""YXXyx"", ""YYXyXX""]","[""xy"", ""XXXyx"", ""Yxxxy"", ""XXyxx"", ""yx"", ""xx""]","[2, 2, 2, 2, 3, 3]",30,stop_mu,78,7,403,24,True,9,8,2,"{""0"": {""solved"": true, ""B_rem"": 1000, ""spent_eq"": 0}, ""1"": {""solved"": true, ""B_rem"": 922, ""spent_eq"": 78}, ""2"": {""solved"": true, ""B_rem"": 844, ""spent_eq"": 156}, ""5"": {""solved"": true, ""B_rem"": 610, ""spent_eq"": 390}, ""10"": {""solved"": true, ""B_rem"": 220, ""spent_eq"": 780}, ""15"": {""solved"": false, ""B_rem"": 0, ""spent_eq"": 1000}, ""33"": {""solved"": false, ""B_rem"": 0, ""spent_eq"": 1000}}",False,1000,True,829,True,17,/workspace/results/comparison/cov_heur_b1k_subset60.csv,False,1000,False,1000
544,5,YYYYYXyyyyx,YYYxyXYx,16,12,True,"[""YXXyx"", ""YYXyXXX""]","[""yX"", ""yX"", ""yX"", ""yX"", ""Xyx"", ""yx"", ""yx"", ""yx"", ""yx""]","[2, 2, 3, 3, 2, 3, 2, 2, 2]",67,stop_mu,120,15,532,24,True,17,11,2,"{""0"": {""solved"": true, ""B_rem"": 1000, ""spent_eq"": 0}, ""1"": {""solved"": true, ""B_rem"": 880, ""spent_eq"": 120}, ""2"": {""solved"": true, ""B_rem"": 760, ""spent_eq"": 240}, ""5"": {""solved"": true, ""B_rem"": 400, ""spent_eq"": 600}, ""10"": {""solved"": false, ""B_rem"": 0, ""spent_eq"": 1000}, ""15"": {""solved"": false, ""B_rem"": 0, ""spent_eq"": 1000}, ""33"": {""solved"": false, ""B_rem"": 0, ""spent_eq"": 1000}}",False,1000,True,160,True,117,/workspace/results/comparison/cov_heur_b1k_subset60.csv,False,1000,True,109
549,5,YYYYYXyyyyx,YYYxYxYX,18,12,True,"[""YXXyx"", ""YYXyXXX""]","[""xy"", ""yX"", ""yX"", ""yX"", ""yX"", ""Xyx"", ""yx"", ""yx"", ""yx"", ""yx""]","[2, 2, 2, 3, 3, 2, 3, 2, 2, 2]",73,stop_mu,134,16,600,24,True,17,11,2,"{""0"": {""solved"": true, ""B_rem"": 1000, ""spent_eq"": 0}, ""1"": {""solved"": true, ""B_rem"": 866, ""spent_eq"": 134}, ""2"": {""solved"": true, ""B_rem"": 732, ""spent_eq"": 268}, ""5"": {""solved"": true, ""B_rem"": 330, ""spent_eq"": 670}, ""10"": {""solved"": false, ""B_rem"": 0, ""spent_eq"": 1000}, ""15"": {""solved"": false, ""B_rem"": 0, ""spent_eq"": 1000}, ""33"": {""solved"": false, ""B_rem"": 0, ""spent_eq"": 1000}}",False,1000,True,137,True,226,/workspace/results/comparison/cov_heur_b1k_subset60.csv,False,1000,False,1000
543,5,YYYYYXyyyyx,YYYYXYxx,19,12,True,"[""YXXyx"", ""YYXyXXX""]","[""xy"", ""yX"", ""yX"", ""yX"", ""yX"", ""Xyx"", ""yx"", ""yx"", ""yx"", ""yx""]","[2, 2, 2, 3, 3, 2, 3, 2, 2, 2]",76,stop_mu,143,17,642,24,True,17,11,2,"{""0"": {""solved"": true, ""B_rem"": 1000, ""spent_eq"": 0}, ""1"": {""solved"": true, ""B_rem"": 857, ""spent_eq"": 143}, ""2"": {""solved"": true, ""B_rem"": 714, ""spent_eq"": 286}, ""5"": {""solved"": true, ""B_rem"": 285, ""spent_eq"": 715}, ""10"": {""solved"": false, ""B_rem"": 0, ""spent_eq"": 1000}, ""15"": {""solved"": false, ""B_rem"": 0, ""spent_eq"": 1000}, ""33"": {""solved"": false, ""B_rem"": 0, ""spent_eq"": 1000}}",False,1000,True,160,True,118,/workspace/results/comparison/cov_heur_b1k_subset60.csv,False,1000,False,1000
565,5,YYYYYYXyyyyyx,YYxyXYx,18,17,True,"[""YXXyx"", ""YYYYYXyyyyxx""]","[""yX""]",[2],234,expand_exhausted,528,64,3025,28,True,592,98,2,"{""0"": {""solved"": true, ""B_rem"": 1000, ""spent_eq"": 0}, ""1"": {""solved"": false, ""B_rem"": 472, ""spent_eq"": 528}, ""2"": {""solved"": false, ""B_rem"": 0, ""spent_eq"": 1000}, ""5"": {""solved"": false, ""B_rem"": 0, ""spent_eq"": 1000}, ""10"": {""solved"": false, ""B_rem"": 0, ""spent_eq"": 1000}, ""15"": {""solved"": false, ""B_rem"": 0, ""spent_eq"": 1000}, ""33"": {""solved"": false, ""B_rem"": 0, ""spent_eq"": 1000}}",False,1000,True,422,True,615,/workspace/results/comparison/cov_heur_b1k_subset60.csv,False,1000,True,592
602,6,YYYYYYYXyyyyyyx,YYYxYXX,22,12,True,"[""YXXyx"", ""YYXyXXX""]","[""xxx"", ""yxY"", ""yXy"", ""xy"", ""yX"", ""yx"", ""yX""]","[5, 2, 2, 2, 2, 2, 3]",42,stop_mu,80,9,393,24,True,17,11,2,"{""0"": {""solved"": true, ""B_rem"": 1000, ""spent_eq"": 0}, ""1"": {""solved"": true, ""B_rem"": 920, ""spent_eq"": 80}, ""2"": {""solved"": true, ""B_rem"": 840, ""spent_eq"": 160}, ""5"": {""solved"": true, ""B_rem"": 600, ""spent_eq"": 400}, ""10"": {""solved"": true, ""B_rem"": 200, ""spent_eq"": 800}, ""15"": {""solved"": false, ""B_rem"": 0, ""spent_eq"": 1000}, ""33"": {""solved"": false, ""B_rem"": 0, ""spent_eq"": 1000}}",False,1000,True,824,True,37,/workspace/results/comparison/cov_heur_b1k_subset60.csv,False,1000,False,1000
632,6,YYYYYYYYXyyyyyyyx,YYYYXXYx,25,12,True,"[""YXXyx"", ""YYXyXXX""]","[""xxxx"", ""yXy"", ""xy"", ""yX"", ""yx"", ""yX""]","[4, 2, 2, 2, 2, 3]",38,stop_mu,75,8,378,24,True,17,11,2,"{""0"": {""solved"": true, ""B_rem"": 1000, ""spent_eq"": 0}, ""1"": {""solved"": true, ""B_rem"": 925, ""spent_eq"": 75}, ""2"": {""solved"": true, ""B_rem"": 850, ""spent_eq"": 150}, ""5"": {""solved"": true, ""B_rem"": 625, ""spent_eq"": 375}, ""10"": {""solved"": true, ""B_rem"": 250, ""spent_eq"": 750}, ""15"": {""solved"": false, ""B_rem"": 0, ""spent_eq"": 1000}, ""33"": {""solved"": false, ""B_rem"": 0, ""spent_eq"": 1000}}",False,1000,True,831,True,39,/workspace/results/comparison/cov_heur_b1k_subset60.csv,False,1000,False,1000
573,6,YYYYYYXyyyyyx,YYYYXYxx,21,12,True,"[""YXXyx"", ""YYYXyyX""]","[""xxxxy"", ""xx"", ""Xy"", ""xyy"", ""Xyx"", ""Xyx"", ""yx"", ""xy""]","[2, 5, 3, 3, 2, 2, 3, 2]",51,stop_mu,90,13,551,24,True,10,9,2,"{""0"": {""solved"": true, ""B_rem"": 1000, ""spent_eq"": 0}, ""1"": {""solved"": true, ""B_rem"": 910, ""spent_eq"": 90}, ""2"": {""solved"": true, ""B_rem"": 820, ""spent_eq"": 180}, ""5"": {""solved"": true, ""B_rem"": 550, ""spent_eq"": 450}, ""10"": {""solved"": true, ""B_rem"": 100, ""spent_eq"": 900}, ""15"": {""solved"": false, ""B_rem"": 0, ""spent_eq"": 1000}, ""33"": {""solved"": false, ""B_rem"": 0, ""spent_eq"": 1000}}",False,1000,False,1000,False,1000,/workspace/results/comparison/cov_heur_b1k_subset60.csv,False,1000,False,1000
586,6,YYYYYYXyyyyyx,YYYYxYXX,21,17,True,"[""YXXyx"", ""YYYYYXyyyyxx""]","[""xy"", ""yX""]","[2, 2]",236,expand_exhausted,537,64,3069,28,True,592,98,2,"{""0"": {""solved"": true, ""B_rem"": 1000, ""spent_eq"": 0}, ""1"": {""solved"": false, ""B_rem"": 463, ""spent_eq"": 537}, ""2"": {""solved"": false, ""B_rem"": 0, ""spent_eq"": 1000}, ""5"": {""solved"": false, ""B_rem"": 0, ""spent_eq"": 1000}, ""10"": {""solved"": false, ""B_rem"": 0, ""spent_eq"": 1000}, ""15"": {""solved"": false, ""B_rem"": 0, ""spent_eq"": 1000}, ""33"": {""solved"": false, ""B_rem"": 0, ""spent_eq"": 1000}}",False,1000,True,388,True,616,/workspace/results/comparison/cov_heur_b1k_subset60.csv,False,1000,False,1000
581,6,YYYYYYXyyyyyx,YYYYxxYX,21,17,True,"[""YXXyx"", ""YYYYYXyyyyxx""]","[""xy"", ""yX""]","[2, 2]",236,expand_exhausted,537,64,3069,28,True,592,98,2,"{""0"": {""solved"": true, ""B_rem"": 1000, ""spent_eq"": 0}, ""1"": {""solved"": false, ""B_rem"": 463, ""spent_eq"": 537}, ""2"": {""solved"": false, ""B_rem"": 0, ""spent_eq"": 1000}, ""5"": {""solved"": false, ""B_rem"": 0, ""spent_eq"": 1000}, ""10"": {""solved"": false, ""B_rem"": 0, ""spent_eq"": 1000}, ""15"": {""solved"": false, ""B_rem"": 0, ""spent_eq"": 1000}, ""33"": {""solved"": false, ""B_rem"": 0, ""spent_eq"": 1000}}",False,1000,True,385,True,632,/workspace/results/comparison/cov_heur_b1k_subset60.csv,False,1000,False,1000
575,6,YYYYYYXyyyyyx,YYYxyXYx,18,17,True,"[""YXXyx"", ""YYYYYXyyyyxx""]","[""yX""]",[2],234,expand_exhausted,528,64,3025,28,True,592,98,2,"{""0"": {""solved"": true, ""B_rem"": 1000, ""spent_eq"": 0}, ""1"": {""solved"": false, ""B_rem"": 472, ""spent_eq"": 528}, ""2"": {""solved"": false, ""B_rem"": 0, ""spent_eq"": 1000}, ""5"": {""solved"": false, ""B_rem"": 0, ""spent_eq"": 1000}, ""10"": {""solved"": false, ""B_rem"": 0, ""spent_eq"": 1000}, ""15"": {""solved"": false, ""B_rem"": 0, ""spent_eq"": 1000}, ""33"": {""solved"": false, ""B_rem"": 0, ""spent_eq"": 1000}}",False,1000,True,422,True,615,/workspace/results/comparison/cov_heur_b1k_subset60.csv,False,1000,True,592
568,7,YYYYYYXyyyyyx,YYXYXyx,19,12,True,"[""YXXyx"", ""YYYXyyX""]","[""xx"", ""yxY"", ""yxY"", ""XXy"", ""xx"", ""Xyx"", ""yx"", ""xy""]","[6, 2, 2, 2, 2, 2, 3, 2]",39,stop_mu,68,10,407,24,True,10,9,2,"{""0"": {""solved"": true, ""B_rem"": 1000, ""spent_eq"": 0}, ""1"": {""solved"": true, ""B_rem"": 932, ""spent_eq"": 68}, ""2"": {""solved"": true, ""B_rem"": 864, ""spent_eq"": 136}, ""5"": {""solved"": true, ""B_rem"": 660, ""spent_eq"": 340}, ""10"": {""solved"": true, ""B_rem"": 320, ""spent_eq"": 680}, ""15"": {""solved"": false, ""B_rem"": 0, ""spent_eq"": 1000}, ""33"": {""solved"": false, ""B_rem"": 0, ""spent_eq"": 1000}}",False,1000,False,1000,False,1000,/workspace/results/comparison/cov_heur_b1k_subset60.csv,False,1000,False,1000
578,7,YYYYYYXyyyyyx,YYXYYXyx,19,12,True,"[""YXXyx"", ""YYYXyyX""]","[""xx"", ""yxY"", ""yxY"", ""XXy"", ""xx"", ""Xyx"", ""yx"", ""xy""]","[6, 2, 2, 2, 2, 2, 3, 2]",39,stop_mu,68,10,407,24,True,10,9,2,"{""0"": {""solved"": true, ""B_rem"": 1000, ""spent_eq"": 0}, ""1"": {""solved"": true, ""B_rem"": 932, ""spent_eq"": 68}, ""2"": {""solved"": true, ""B_rem"": 864, ""spent_eq"": 136}, ""5"": {""solved"": true, ""B_rem"": 660, ""spent_eq"": 340}, ""10"": {""solved"": true, ""B_rem"": 320, ""spent_eq"": 680}, ""15"": {""solved"": false, ""B_rem"": 0, ""spent_eq"": 1000}, ""33"": {""solved"": false, ""B_rem"": 0, ""spent_eq"": 1000}}",False,1000,False,1000,False,1000,/workspace/results/comparison/cov_heur_b1k_subset60.csv,False,1000,False,1000
583,7,YYYYYYXyyyyyx,YYXyxYYx,19,12,True,"[""YXXyx"", ""YYYXyyX""]","[""xx"", ""yxY"", ""yxY"", ""XXy"", ""xx"", ""Xyx"", ""yx"", ""xy""]","[6, 2, 2, 2, 2, 2, 3, 2]",39,stop_mu,68,10,407,24,True,10,9,2,"{""0"": {""solved"": true, ""B_rem"": 1000, ""spent_eq"": 0}, ""1"": {""solved"": true, ""B_rem"": 932, ""spent_eq"": 68}, ""2"": {""solved"": true, ""B_rem"": 864, ""spent_eq"": 136}, ""5"": {""solved"": true, ""B_rem"": 660, ""spent_eq"": 340}, ""10"": {""solved"": true, ""B_rem"": 320, ""spent_eq"": 680}, ""15"": {""solved"": false, ""B_rem"": 0, ""spent_eq"": 1000}, ""33"": {""solved"": false, ""B_rem"": 0, ""spent_eq"": 1000}}",False,1000,False,1000,False,1000,/workspace/results/comparison/cov_heur_b1k_subset60.csv,False,1000,False,1000
628,7,YYYYYYYYXyyyyyyyx,YYXyXyyx,24,12,True,"[""YXXyx"", ""YYXyXXX""]","[""XXyx"", ""xx"", ""xy"", ""xyX"", ""yx"", ""yx"", ""xyX"", ""yx"", ""yx"", ""yX"", ""xy"", ""yx"", ""yx"", ""yx""]","[2, 7, 3, 2, 4, 4, 2, 3, 3, 3, 2, 2, 2, 2]",87,stop_mu,185,21,1138,24,True,17,11,2,"{""0"": {""solved"": true, ""B_rem"": 1000, ""spent_eq"": 0}, ""1"": {""solved"": true, ""B_rem"": 815, ""spent_eq"": 185}, ""2"": {""solved"": true, ""B_rem"": 630, ""spent_eq"": 370}, ""5"": {""solved"": true, ""B_rem"": 75, ""spent_eq"": 925}, ""10"": {""solved"": false, ""B_rem"": 0, ""spent_eq"": 1000}, ""15"": {""solved"": false, ""B_rem"": 0, ""spent_eq"": 1000}, ""33"": {""solved"": false, ""B_rem"": 0, ""spent_eq"": 1000}}",False,1000,True,106,True,158,/workspace/results/comparison/cov_heur_b1k_subset60.csv,False,1000,True,436
633,7,YYYYYYYYXyyyyyyyx,YYXyyxyx,24,12,True,"[""YXXyx"", ""YYXyXXX""]","[""XXyx"", ""xx"", ""xy"", ""xyX"", ""yx"", ""yx"", ""xyX"", ""yx"", ""yx"", ""yX"", ""xy"", ""yx"", ""yx"", ""yx""]","[2, 7, 3, 2, 4, 4, 2, 3, 3, 3, 2, 2, 2, 2]",87,stop_mu,185,21,1138,24,True,17,11,2,"{""0"": {""solved"": true, ""B_rem"": 1000, ""spent_eq"": 0}, ""1"": {""solved"": true, ""B_rem"": 815, ""spent_eq"": 185}, ""2"": {""solved"": true, ""B_rem"": 630, ""spent_eq"": 370}, ""5"": {""solved"": true, ""B_rem"": 75, ""spent_eq"": 925}, ""10"": {""solved"": false, ""B_rem"": 0, ""spent_eq"": 1000}, ""15"": {""solved"": false, ""B_rem"": 0, ""spent_eq"": 1000}, ""33"": {""solved"": false, ""B_rem"": 0, ""spent_eq"": 1000}}",False,1000,True,107,True,158,/workspace/results/comparison/cov_heur_b1k_subset60.csv,False,1000,True,436
596,7,YYYYYYYXyyyyyyx,YYxyXYx,20,19,True,"[""YXXyx"", ""YYYYYYXyyyyyxx""]","[""yX""]",[2],218,expand_exhausted,540,64,3733,30,False,1000,,19,"{""0"": {""solved"": false, ""B_rem"": 1000, ""spent_eq"": 0}, ""1"": {""solved"": false, ""B_rem"": 460, ""spent_eq"": 540}, ""2"": {""solved"": false, ""B_rem"": 0, ""spent_eq"": 1000}, ""5"": {""solved"": false, ""B_rem"": 0, ""spent_eq"": 1000}, ""10"": {""solved"": false, ""B_rem"": 0, ""spent_eq"": 1000}, ""15"": {""solved"": false, ""B_rem"": 0, ""spent_eq"": 1000}, ""33"": {""solved"": false, ""B_rem"": 0, ""spent_eq"": 1000}}",False,1000,False,1000,False,1000,/workspace/results/comparison/cov_heur_b1k_subset60.csv,False,1000,False,1000
605,8,YYYYYYYXyyyyyyx,YYYXyxYX,20,19,True,"[""YXXyx"", ""YYYYYYXyyyyyxx""]","[""yX""]",[2],218,expand_exhausted,540,64,3733,30,False,1000,,19,"{""0"": {""solved"": false, ""B_rem"": 1000, ""spent_eq"": 0}, ""1"": {""solved"": false, ""B_rem"": 460, ""spent_eq"": 540}, ""2"": {""solved"": false, ""B_rem"": 0, ""spent_eq"": 1000}, ""5"": {""solved"": false, ""B_rem"": 0, ""spent_eq"": 1000}, ""10"": {""solved"": false, ""B_rem"": 0, ""spent_eq"": 1000}, ""15"": {""solved"": false, ""B_rem"": 0, ""spent_eq"": 1000}, ""33"": {""solved"": false, ""B_rem"": 0, ""spent_eq"": 1000}}",False,1000,False,1000,False,1000,/workspace/results/comparison/cov_heur_b1k_subset60.csv,False,1000,False,1000
610,8,YYYYYYYXyyyyyyx,YYYxYXyx,20,19,True,"[""YXXyx"", ""YYYYYYXyyyyyxx""]","[""yX""]",[2],218,expand_exhausted,540,64,3733,30,False,1000,,19,"{""0"": {""solved"": false, ""B_rem"": 1000, ""spent_eq"": 0}, ""1"": {""solved"": false, ""B_rem"": 460, ""spent_eq"": 540}, ""2"": {""solved"": false, ""B_rem"": 0, ""spent_eq"": 1000}, ""5"": {""solved"": false, ""B_rem"": 0, ""spent_eq"": 1000}, ""10"": {""solved"": false, ""B_rem"": 0, ""spent_eq"": 1000}, ""15"": {""solved"": false, ""B_rem"": 0, ""spent_eq"": 1000}, ""33"": {""solved"": false, ""B_rem"": 0, ""spent_eq"": 1000}}",False,1000,False,1000,False,1000,/workspace/results/comparison/cov_heur_b1k_subset60.csv,False,1000,False,1000
625,8,YYYYYYYYXyyyyyyyx,YYXYxyX,22,20,True,"[""YXyXXYxyx"", ""YYXXXXXXXyX""]","[""xy"", ""xyy""]","[2, 2]",217,expand_exhausted,534,64,4343,27,False,1000,,18,"{""0"": {""solved"": false, ""B_rem"": 1000, ""spent_eq"": 0}, ""1"": {""solved"": false, ""B_rem"": 466, ""spent_eq"": 534}, ""2"": {""solved"": false, ""B_rem"": 0, ""spent_eq"": 1000}, ""5"": {""solved"": false, ""B_rem"": 0, ""spent_eq"": 1000}, ""10"": {""solved"": false, ""B_rem"": 0, ""spent_eq"": 1000}, ""15"": {""solved"": false, ""B_rem"": 0, ""spent_eq"": 1000}, ""33"": {""solved"": false, ""B_rem"": 0, ""spent_eq"": 1000}}",False,1000,False,1000,False,1000,/workspace/results/comparison/cov_heur_b1k_subset60.csv,False,1000,False,1000
622,8,YYYYYYYYXyyyyyyyx,YYxyXYx,22,20,True,"[""YXyXXYxyx"", ""YYXXXXXXXyX""]","[""xy"", ""xyy""]","[2, 2]",217,expand_exhausted,534,64,4343,27,False,1000,,18,"{""0"": {""solved"": false, ""B_rem"": 1000, ""spent_eq"": 0}, ""1"": {""solved"": false, ""B_rem"": 466, ""spent_eq"": 534}, ""2"": {""solved"": false, ""B_rem"": 0, ""spent_eq"": 1000}, ""5"": {""solved"": false, ""B_rem"": 0, ""spent_eq"": 1000}, ""10"": {""solved"": false, ""B_rem"": 0, ""spent_eq"": 1000}, ""15"": {""solved"": false, ""B_rem"": 0, ""spent_eq"": 1000}, ""33"": {""solved"": false, ""B_rem"": 0, ""spent_eq"": 1000}}",False,1000,False,1000,False,1000,/workspace/results/comparison/cov_heur_b1k_subset60.csv,False,1000,False,1000
624,8,YYYYYYYYXyyyyyyyx,YYxYXyx,22,20,True,"[""YXyXXYxyx"", ""YYXXXXXXXyX""]","[""xy"", ""xyy""]","[2, 2]",217,expand_exhausted,534,64,4343,27,False,1000,,18,"{""0"": {""solved"": false, ""B_rem"": 1000, ""spent_eq"": 0}, ""1"": {""solved"": false, ""B_rem"": 466, ""spent_eq"": 534}, ""2"": {""solved"": false, ""B_rem"": 0, ""spent_eq"": 1000}, ""5"": {""solved"": false, ""B_rem"": 0, ""spent_eq"": 1000}, ""10"": {""solved"": false, ""B_rem"": 0, ""spent_eq"": 1000}, ""15"": {""solved"": false, ""B_rem"": 0, ""spent_eq"": 1000}, ""33"": {""solved"": false, ""B_rem"": 0, ""spent_eq"": 1000}}",False,1000,False,1000,False,1000,/workspace/results/comparison/cov_heur_b1k_subset60.csv,False,1000,False,1000
623,8,YYYYYYYYXyyyyyyyx,YYXyxYX,22,20,True,"[""YXyXXYxyx"", ""YYXXXXXXXyX""]","[""xy"", ""xyy""]","[2, 2]",217,expand_exhausted,534,64,4343,27,False,1000,,18,"{""0"": {""solved"": false, ""B_rem"": 1000, ""spent_eq"": 0}, ""1"": {""solved"": false, ""B_rem"": 466, ""spent_eq"": 534}, ""2"": {""solved"": false, ""B_rem"": 0, ""spent_eq"": 1000}, ""5"": {""solved"": false, ""B_rem"": 0, ""spent_eq"": 1000}, ""10"": {""solved"": false, ""B_rem"": 0, ""spent_eq"": 1000}, ""15"": {""solved"": false, ""B_rem"": 0, ""spent_eq"": 1000}, ""33"": {""solved"": false, ""B_rem"": 0, ""spent_eq"": 1000}}",False,1000,False,1000,False,1000,/workspace/results/comparison/cov_heur_b1k_subset60.csv,False,1000,False,1000
634,9,YYYYYYYXyyyyyyx,YYYXyyxx,23,11,True,"[""YXXyx"", ""YYXyXX""]","[""xy"", ""xx"", ""xyy"", ""xyX"", ""xx"", ""Xyx"", ""yy"", ""yy"", ""Xyx"", ""yx"", ""xyy"", ""yxxY"", ""Xy"", ""yxx"", ""xxyX"", ""xyX"", ""yx""]","[2, 9, 3, 3, 5, 4, 3, 5, 2, 3, 2, 2, 3, 2, 2, 2, 3]",181,stop_mu,447,57,3051,24,True,9,8,2,"{""0"": {""solved"": true, ""B_rem"": 1000, ""spent_eq"": 0}, ""1"": {""solved"": true, ""B_rem"": 553, ""spent_eq"": 447}, ""2"": {""solved"": true, ""B_rem"": 106, ""spent_eq"": 894}, ""5"": {""solved"": false, ""B_rem"": 0, ""spent_eq"": 1000}, ""10"": {""solved"": false, ""B_rem"": 0, ""spent_eq"": 1000}, ""15"": {""solved"": false, ""B_rem"": 0, ""spent_eq"": 1000}, ""33"": {""solved"": false, ""B_rem"": 0, ""spent_eq"": 1000}}",False,1000,False,1000,True,410,/workspace/results/comparison/cov_heur_b1k_subset60.csv,False,1000,False,1000
635,9,YYYYYYYXyyyyyyx,YYYXXyyx,23,11,True,"[""YXXyx"", ""YYXyXX""]","[""xy"", ""xx"", ""xyy"", ""xyX"", ""xx"", ""Xyx"", ""yy"", ""yy"", ""Xyx"", ""yx"", ""xyy"", ""yxxY"", ""Xy"", ""yxx"", ""xxyX"", ""xyX"", ""yx""]","[2, 9, 3, 3, 5, 4, 3, 5, 2, 3, 2, 2, 3, 2, 2, 2, 3]",181,stop_mu,447,57,3051,24,True,9,8,2,"{""0"": {""solved"": true, ""B_rem"": 1000, ""spent_eq"": 0}, ""1"": {""solved"": true, ""B_rem"": 553, ""spent_eq"": 447}, ""2"": {""solved"": true, ""B_rem"": 106, ""spent_eq"": 894}, ""5"": {""solved"": false, ""B_rem"": 0, ""spent_eq"": 1000}, ""10"": {""solved"": false, ""B_rem"": 0, ""spent_eq"": 1000}, ""15"": {""solved"": false, ""B_rem"": 0, ""spent_eq"": 1000}, ""33"": {""solved"": false, ""B_rem"": 0, ""spent_eq"": 1000}}",False,1000,False,1000,True,410,/workspace/results/comparison/cov_heur_b1k_subset60.csv,False,1000,False,1000
637,9,YYYYYYYYXyyyyyyyx,YYYXyxYX,22,20,True,"[""YXyXXYxyx"", ""YYXXXXXXXyX""]","[""xy"", ""xyy""]","[2, 2]",217,expand_exhausted,534,64,4343,27,False,1000,,18,"{""0"": {""solved"": false, ""B_rem"": 1000, ""spent_eq"": 0}, ""1"": {""solved"": false, ""B_rem"": 466, ""spent_eq"": 534}, ""2"": {""solved"": false, ""B_rem"": 0, ""spent_eq"": 1000}, ""5"": {""solved"": false, ""B_rem"": 0, ""spent_eq"": 1000}, ""10"": {""solved"": false, ""B_rem"": 0, ""spent_eq"": 1000}, ""15"": {""solved"": false, ""B_rem"": 0, ""spent_eq"": 1000}, ""33"": {""solved"": false, ""B_rem"": 0, ""spent_eq"": 1000}}",False,1000,False,1000,False,1000,/workspace/results/comparison/cov_heur_b1k_subset60.csv,False,1000,False,1000
639,9,YYYYYYYYXyyyyyyyx,YYYxYXyx,22,20,True,"[""YXyXXYxyx"", ""YYXXXXXXXyX""]","[""xy"", ""xyy""]","[2, 2]",217,expand_exhausted,534,64,4343,27,False,1000,,18,"{""0"": {""solved"": false, ""B_rem"": 1000, ""spent_eq"": 0}, ""1"": {""solved"": false, ""B_rem"": 466, ""spent_eq"": 534}, ""2"": {""solved"": false, ""B_rem"": 0, ""spent_eq"": 1000}, ""5"": {""solved"": false, ""B_rem"": 0, ""spent_eq"": 1000}, ""10"": {""solved"": false, ""B_rem"": 0, ""spent_eq"": 1000}, ""15"": {""solved"": false, ""B_rem"": 0, ""spent_eq"": 1000}, ""33"": {""solved"": false, ""B_rem"": 0, ""spent_eq"": 1000}}",False,1000,False,1000,False,1000,/workspace/results/comparison/cov_heur_b1k_subset60.csv,False,1000,False,1000
638,9,YYYYYYYYXyyyyyyyx,YYYxyXYx,22,20,True,"[""YXyXXYxyx"", ""YYXXXXXXXyX""]","[""xy"", ""xyy""]","[2, 2]",217,expand_exhausted,534,64,4343,27,False,1000,,18,"{""0"": {""solved"": false, ""B_rem"": 1000, ""spent_eq"": 0}, ""1"": {""solved"": false, ""B_rem"": 466, ""spent_eq"": 534}, ""2"": {""solved"": false, ""B_rem"": 0, ""spent_eq"": 1000}, ""5"": {""solved"": false, ""B_rem"": 0, ""spent_eq"": 1000}, ""10"": {""solved"": false, ""B_rem"": 0, ""spent_eq"": 1000}, ""15"": {""solved"": false, ""B_rem"": 0, ""spent_eq"": 1000}, ""33"": {""solved"": false, ""B_rem"": 0, ""spent_eq"": 1000}}",False,1000,False,1000,False,1000,/workspace/results/comparison/cov_heur_b1k_subset60.csv,False,1000,False,1000
636,9,YYYYYYYYXyyyyyyyx,YYYXYxyX,22,20,True,"[""YXyXXYxyx"", ""YYXXXXXXXyX""]","[""xy"", ""xyy""]","[2, 2]",217,expand_exhausted,534,64,4343,27,False,1000,,18,"{""0"": {""solved"": false, ""B_rem"": 1000, ""spent_eq"": 0}, ""1"": {""solved"": false, ""B_rem"": 466, ""spent_eq"": 534}, ""2"": {""solved"": false, ""B_rem"": 0, ""spent_eq"": 1000}, ""5"": {""solved"": false, ""B_rem"": 0, ""spent_eq"": 1000}, ""10"": {""solved"": false, ""B_rem"": 0, ""spent_eq"": 1000}, ""15"": {""solved"": false, ""B_rem"": 0, ""spent_eq"": 1000}, ""33"": {""solved"": false, ""B_rem"": 0, ""spent_eq"": 1000}}",False,1000,False,1000,False,1000,/workspace/results/comparison/cov_heur_b1k_subset60.csv,False,1000,False,1000
