pres_id,bin,r1,r2,b1k_greedy_solved,b1k_greedy_nodes,b1k_greedy_path,b1k_heur_solved,b1k_heur_nodes,b1k_heur_path,kden_w5_solved,kden_w5_nodes,kden_w5_path,kden_w10_solved,kden_w10_nodes,kden_w10_path,kden_w20_solved,kden_w20_nodes,kden_w20_path,kden_w40_solved,kden_w40_nodes,kden_w40_path,kden_w80_solved,kden_w80_nodes,kden_w80_path,k_w0_5_solved,k_w0_5_nodes,k_w0_5_path,k_w1_solved,k_w1_nodes,k_w1_path,k_w2_solved,k_w2_nodes,k_w2_path,k_w2_53_solved,k_w2_53_nodes,k_w2_53_path,k_w5_solved,k_w5_nodes,k_w5_path,k_w8_solved,k_w8_nodes,k_w8_path,k_w10_solved,k_w10_nodes,k_w10_path,k_w16_solved,k_w16_nodes,k_w16_path
0,0,YYXyx,Yx,True,3,2,True,3,2,true,3,2,true,3,2,true,3,2,true,3,2,true,3,2,true,3,2,true,3,2,true,3,2,true,3,2,true,3,2,true,3,2,true,3,2,true,3,2
43,1,YYXyx,YYxYxYX,True,13,9,True,14,11,true,14,9,true,14,9,true,15,11,true,16,11,true,21,13,true,14,9,true,14,9,true,15,11,true,15,11,true,15,11,true,15,11,true,15,11,true,15,11
48,1,YYYxxYX,YYXyx,True,18,11,True,13,11,true,18,11,true,18,11,true,14,11,true,15,11,true,36,13,true,18,11,true,19,11,true,14,11,true,14,11,true,14,11,true,14,11,true,14,11,true,14,11
77,1,YYXyx,YXyXXyxx,True,11,8,True,11,10,true,11,10,true,11,10,true,11,10,true,17,10,true,62,19,true,11,10,true,11,10,true,11,10,true,11,10,true,11,10,true,11,10,true,11,10,true,11,10
141,1,YYXyx,YXyXyxxx,True,12,10,True,12,10,true,12,10,true,12,10,true,12,10,true,17,12,true,63,10,true,12,10,true,12,10,true,12,10,true,12,10,true,12,10,true,12,10,true,12,10,true,12,10
155,1,YYYYxyXX,YYXyx,True,18,12,True,13,12,true,21,14,true,21,14,true,14,12,true,15,12,true,29,10,true,21,14,true,19,12,true,14,12,true,14,12,true,14,12,true,14,12,true,14,12,true,14,12
201,2,YYYXyyx,YYXYxYx,True,61,15,True,49,20,true,61,15,true,50,20,true,45,17,true,74,21,false,1000,,true,61,15,true,93,20,true,60,20,true,48,17,true,64,17,true,169,17,true,208,17,true,417,17
203,3,YYYXyyx,YYxYXYx,True,116,16,True,98,20,true,107,16,true,79,20,true,74,20,true,210,24,false,1000,,true,102,16,true,116,16,true,74,20,true,78,20,true,151,20,true,241,20,true,321,20,true,768,20
217,2,YYYXyyx,YYYxxyX,True,57,13,True,48,18,true,60,13,true,49,18,true,45,15,true,74,19,false,1000,,true,60,13,true,92,18,true,60,18,true,48,15,true,64,15,true,169,15,true,208,15,true,417,15
228,0,YYYXyyx,YYXXYYx,True,9,7,True,8,7,true,9,7,true,9,7,true,9,7,true,10,8,true,12,8,true,9,7,true,9,7,true,9,7,true,9,7,true,9,8,true,9,8,true,9,8,true,9,8
247,2,YYYXyyx,YYXyyXyx,True,46,9,True,70,13,true,48,9,true,30,13,true,43,13,true,173,17,false,1000,,true,48,9,true,80,9,true,42,13,true,45,13,true,100,13,true,180,13,true,254,13,true,673,13
265,3,YYYXyyx,YYYxYxYX,True,121,21,True,99,25,true,109,21,true,81,25,true,76,25,true,212,29,false,1000,,true,104,21,true,121,21,true,77,25,true,80,25,true,153,25,true,246,25,true,324,25,true,858,25
288,2,YYYYXXYx,YYYXyyx,True,106,17,True,97,21,true,105,17,true,79,21,true,73,21,true,211,25,false,1000,,true,98,17,true,117,19,true,74,21,true,77,21,true,151,21,true,243,21,true,321,21,true,855,21
323,0,YYYYYx,YYYYXyyyx,True,7,6,True,7,6,true,7,6,true,7,6,true,7,6,true,8,6,true,11,7,true,7,6,true,7,6,true,7,6,true,7,6,true,7,6,true,7,6,true,7,6,true,7,6
327,3,YYYYXyyyx,YYxYXX,True,273,29,True,198,34,true,219,29,true,191,33,true,302,34,true,76,25,true,275,30,true,207,29,true,256,32,true,253,32,true,352,34,true,74,25,true,87,25,true,97,25,true,112,25
331,2,YYYYXyyyx,YYXYxYx,True,93,24,True,51,23,true,111,24,true,98,28,true,207,28,true,194,25,false,1000,,true,113,24,true,156,28,true,74,23,true,67,21,true,129,21,true,220,21,true,294,21,true,773,21
333,3,YYYYXyyyx,YYxyXYx,True,313,35,True,224,31,true,271,37,true,257,29,true,307,31,true,77,21,true,210,25,true,270,25,true,247,29,true,245,29,true,362,31,true,79,21,true,86,21,true,92,21,true,106,21
367,2,YYYYXyyyx,YYXYYxYx,True,83,21,True,64,25,true,118,23,true,82,27,true,284,23,true,122,26,false,1000,,true,108,23,true,132,23,true,178,25,true,380,23,true,99,22,true,209,22,true,249,22,true,513,22
380,3,YYYYXyyyx,YYYYxxyX,True,381,39,True,226,36,true,425,41,true,266,34,true,319,36,true,88,26,true,411,30,true,294,30,true,273,34,true,272,34,true,374,36,true,91,26,true,97,26,true,104,26,true,117,26
455,0,YYYYYXyyyyx,YYYYxYXX,True,10,9,True,10,9,true,10,9,true,10,9,true,10,9,true,11,9,true,14,9,true,10,9,true,10,9,true,10,9,true,10,9,true,10,9,true,10,9,true,10,9,true,10,9
496,0,YYYYYYYXyyyyyyx,YYX,True,4,3,True,4,3,true,4,3,true,4,3,true,6,4,true,6,4,true,6,4,true,4,3,true,4,3,true,4,3,true,4,3,true,4,3,true,4,3,true,4,3,true,4,3
505,1,YYYYYYYXyyyyyyx,YYXyyxx,True,34,23,True,23,17,true,34,23,true,34,23,true,20,17,true,20,17,true,32,19,true,34,23,true,22,17,true,20,17,true,19,17,true,20,17,true,22,17,true,23,17,true,24,17
521,0,YYYYYYYYXyyyyyyyx,YYYx,True,5,4,True,5,4,true,5,4,true,5,4,true,6,4,true,7,5,true,7,5,true,5,4,true,5,4,true,5,4,true,5,4,true,5,4,true,5,4,true,5,4,true,5,4
533,4,YYYYXyyyx,YYYXYxYx,True,438,43,True,227,38,true,432,46,true,270,39,true,320,38,true,88,28,true,409,32,true,448,35,true,274,39,true,273,36,true,375,38,true,91,28,true,97,28,true,104,28,true,117,28
538,5,YYYYYXyyyyx,YYxYxYX,False,1000,,True,531,32,false,1000,,true,980,33,false,1000,,false,1000,,false,1000,,true,977,28,true,976,43,false,1000,,false,1000,,false,1000,,false,1000,,false,1000,,false,1000,
543,5,YYYYYXyyyyx,YYYYXYxx,False,1000,,True,160,52,false,1000,,true,993,77,false,1000,,true,267,54,true,189,46,false,1000,,false,1000,,true,568,60,true,448,58,true,298,54,true,163,44,true,167,44,true,181,44
544,5,YYYYYXyyyyx,YYYxyXYx,False,1000,,True,160,48,false,1000,,true,987,71,false,1000,,true,250,50,true,186,42,true,998,67,false,1000,,true,477,56,true,431,54,true,276,50,true,156,40,true,160,40,true,174,40
546,4,YYYYYXyyyyx,YYXYYxYx,True,398,24,True,111,23,true,392,25,true,311,30,true,417,32,true,108,26,true,195,30,true,258,25,true,347,28,true,432,32,true,122,23,true,158,23,true,189,25,true,228,25,true,391,25
548,4,YYYYYXyyyyx,YYxYYxyX,True,661,28,True,496,34,true,651,28,true,696,33,false,1000,,false,1000,,false,1000,,true,705,28,true,901,43,false,1000,,false,1000,,false,1000,,false,1000,,false,1000,,false,1000,
549,5,YYYYYXyyyyx,YYYxYxYX,False,1000,,True,137,47,false,1000,,false,1000,,true,652,68,true,171,49,true,169,50,false,1000,,true,687,66,true,344,55,true,280,53,true,160,49,true,138,47,true,145,47,true,163,47
565,5,YYYYYYXyyyyyx,YYxyXYx,False,1000,,True,422,99,false,1000,,false,1000,,false,1000,,false,1000,,true,519,91,false,1000,,false,1000,,false,1000,,false,1000,,true,918,115,true,594,87,true,575,87,true,596,87
568,7,YYYYYYXyyyyyx,YYXYXyx,False,1000,,False,1000,,false,1000,,false,1000,,false,1000,,false,1000,,false,1000,,false,1000,,false,1000,,false,1000,,false,1000,,false,1000,,false,1000,,false,1000,,false,1000,
573,6,YYYYYYXyyyyyx,YYYYXYxx,False,1000,,False,1000,,false,1000,,false,1000,,false,1000,,false,1000,,false,1000,,false,1000,,false,1000,,false,1000,,false,1000,,false,1000,,false,1000,,false,1000,,false,1000,
575,6,YYYYYYXyyyyyx,YYYxyXYx,False,1000,,True,422,102,false,1000,,false,1000,,false,1000,,false,1000,,true,521,94,false,1000,,false,1000,,false,1000,,false,1000,,true,920,118,true,597,90,true,577,90,true,598,90
578,7,YYYYYYXyyyyyx,YYXYYXyx,False,1000,,False,1000,,false,1000,,false,1000,,false,1000,,false,1000,,false,1000,,false,1000,,false,1000,,false,1000,,false,1000,,false,1000,,false,1000,,false,1000,,false,1000,
579,3,YYYYYYXyyyyyx,YYYXYYxx,True,366,26,True,101,25,true,352,28,true,312,33,true,437,35,true,130,29,true,192,32,true,291,28,true,377,31,true,456,35,true,139,26,true,155,25,true,186,27,true,225,27,true,388,27
580,4,YYYYYYXyyyyyx,YYYxxYYX,True,875,47,True,252,42,true,605,47,true,527,51,true,609,49,false,1000,,true,112,31,true,511,47,true,483,44,true,524,44,true,678,44,true,997,32,true,90,32,true,92,32,true,99,32
581,6,YYYYYYXyyyyyx,YYYYxxYX,False,1000,,True,385,99,false,1000,,false,1000,,false,1000,,true,784,115,true,496,101,false,1000,,false,1000,,false,1000,,true,894,119,true,700,115,true,555,97,true,552,97,true,573,97
583,7,YYYYYYXyyyyyx,YYXyxYYx,False,1000,,False,1000,,false,1000,,false,1000,,false,1000,,false,1000,,false,1000,,false,1000,,false,1000,,false,1000,,false,1000,,false,1000,,false,1000,,false,1000,,false,1000,
586,6,YYYYYYXyyyyyx,YYYYxYXX,False,1000,,True,388,99,false,1000,,false,1000,,false,1000,,true,784,115,true,498,101,false,1000,,false,1000,,false,1000,,true,897,119,true,700,115,true,564,97,true,561,97,true,582,97
589,4,YYYYYYXyyyyyx,YYYXYXYx,True,558,46,True,575,38,true,355,36,true,497,36,false,1000,,false,1000,,false,1000,,true,348,36,false,1000,,false,1000,,false,1000,,false,1000,,false,1000,,false,1000,,false,1000,
596,7,YYYYYYYXyyyyyyx,YYxyXYx,False,1000,,False,1000,,false,1000,,false,1000,,false,1000,,false,1000,,false,1000,,false,1000,,false,1000,,false,1000,,false,1000,,false,1000,,false,1000,,false,1000,,false,1000,
602,6,YYYYYYYXyyyyyyx,YYYxYXX,False,1000,,True,824,52,false,1000,,false,1000,,false,1000,,false,1000,,false,1000,,false,1000,,false,1000,,false,1000,,false,1000,,false,1000,,false,1000,,false,1000,,false,1000,
605,8,YYYYYYYXyyyyyyx,YYYXyxYX,False,1000,,False,1000,,false,1000,,false,1000,,false,1000,,false,1000,,false,1000,,false,1000,,false,1000,,false,1000,,false,1000,,false,1000,,false,1000,,false,1000,,false,1000,
606,5,YYYYYYYXyyyyyyx,YYYxxYYX,False,1000,,True,829,45,false,1000,,false,1000,,false,1000,,false,1000,,false,1000,,false,1000,,false,1000,,false,1000,,false,1000,,false,1000,,true,240,29,false,1000,,false,1000,
609,4,YYYYYYYXyyyyyyx,YYYxYxyX,False,1000,,True,821,45,false,1000,,false,1000,,false,1000,,false,1000,,false,1000,,false,1000,,false,1000,,false,1000,,false,1000,,false,1000,,false,1000,,false,1000,,false,1000,
610,8,YYYYYYYXyyyyyyx,YYYxYXyx,False,1000,,False,1000,,false,1000,,false,1000,,false,1000,,false,1000,,false,1000,,false,1000,,false,1000,,false,1000,,false,1000,,false,1000,,false,1000,,false,1000,,false,1000,
622,8,YYYYYYYYXyyyyyyyx,YYxyXYx,False,1000,,False,1000,,false,1000,,false,1000,,false,1000,,false,1000,,false,1000,,false,1000,,false,1000,,false,1000,,false,1000,,false,1000,,false,1000,,false,1000,,false,1000,
623,8,YYYYYYYYXyyyyyyyx,YYXyxYX,False,1000,,False,1000,,false,1000,,false,1000,,false,1000,,false,1000,,false,1000,,false,1000,,false,1000,,false,1000,,false,1000,,false,1000,,false,1000,,false,1000,,false,1000,
624,8,YYYYYYYYXyyyyyyyx,YYxYXyx,False,1000,,False,1000,,false,1000,,false,1000,,false,1000,,false,1000,,false,1000,,false,1000,,false,1000,,false,1000,,false,1000,,false,1000,,false,1000,,false,1000,,false,1000,
625,8,YYYYYYYYXyyyyyyyx,YYXYxyX,False,1000,,False,1000,,false,1000,,false,1000,,false,1000,,false,1000,,false,1000,,false,1000,,false,1000,,false,1000,,false,1000,,false,1000,,false,1000,,false,1000,,false,1000,
628,7,YYYYYYYYXyyyyyyyx,YYXyXyyx,False,1000,,True,106,36,false,1000,,false,1000,,false,1000,,false,1000,,true,98,36,false,1000,,false,1000,,false,1000,,false,1000,,true,145,38,true,81,36,true,73,36,true,72,36
632,6,YYYYYYYYXyyyyyyyx,YYYYXXYx,False,1000,,True,831,57,false,1000,,false,1000,,false,1000,,false,1000,,false,1000,,false,1000,,false,1000,,false,1000,,false,1000,,false,1000,,false,1000,,false,1000,,false,1000,
633,7,YYYYYYYYXyyyyyyyx,YYXyyxyx,False,1000,,True,107,36,false,1000,,false,1000,,false,1000,,false,1000,,true,96,36,false,1000,,false,1000,,false,1000,,false,1000,,true,143,38,true,80,36,true,72,36,true,71,36
634,9,YYYYYYYXyyyyyyx,YYYXyyxx,False,1000,,False,1000,,false,1000,,false,1000,,false,1000,,false,1000,,false,1000,,false,1000,,false,1000,,false,1000,,false,1000,,false,1000,,false,1000,,false,1000,,false,1000,
635,9,YYYYYYYXyyyyyyx,YYYXXyyx,False,1000,,False,1000,,false,1000,,false,1000,,false,1000,,false,1000,,false,1000,,false,1000,,false,1000,,false,1000,,false,1000,,false,1000,,false,1000,,false,1000,,false,1000,
636,9,YYYYYYYYXyyyyyyyx,YYYXYxyX,False,1000,,False,1000,,false,1000,,false,1000,,false,1000,,false,1000,,false,1000,,false,1000,,false,1000,,false,1000,,false,1000,,false,1000,,false,1000,,false,1000,,false,1000,
637,9,YYYYYYYYXyyyyyyyx,YYYXyxYX,False,1000,,False,1000,,false,1000,,false,1000,,false,1000,,false,1000,,false,1000,,false,1000,,false,1000,,false,1000,,false,1000,,false,1000,,false,1000,,false,1000,,false,1000,
638,9,YYYYYYYYXyyyyyyyx,YYYxyXYx,False,1000,,False,1000,,false,1000,,false,1000,,false,1000,,false,1000,,false,1000,,false,1000,,false,1000,,false,1000,,false,1000,,false,1000,,false,1000,,false,1000,,false,1000,
639,9,YYYYYYYYXyyyyyyyx,YYYxYXyx,False,1000,,False,1000,,false,1000,,false,1000,,false,1000,,false,1000,,false,1000,,false,1000,,false,1000,,false,1000,,false,1000,,false,1000,,false,1000,,false,1000,,false,1000,
