pres_id,bin,r1,r2,b1k_greedy_solved,b1k_greedy_nodes,b1k_greedy_path,b1k_heur_solved,b1k_heur_nodes,b1k_heur_path,eq_a1_solved,eq_a1_nodes,eq_a1_path,eq_a2_solved,eq_a2_nodes,eq_a2_path,eq_a3_solved,eq_a3_nodes,eq_a3_path,eq_a4_solved,eq_a4_nodes,eq_a4_path,eq_a5_solved,eq_a5_nodes,eq_a5_path,eq_a6_solved,eq_a6_nodes,eq_a6_path,eq_a8_solved,eq_a8_nodes,eq_a8_path,eq_a10_solved,eq_a10_nodes,eq_a10_path,eq_a15_solved,eq_a15_nodes,eq_a15_path,eq_a20_solved,eq_a20_nodes,eq_a20_path,eq_a28_solved,eq_a28_nodes,eq_a28_path,eq_a40_solved,eq_a40_nodes,eq_a40_path
0,0,YYXyx,Yx,True,3,2,True,3,2,true,3,2,true,3,2,true,3,2,true,3,2,true,3,2,true,3,2,true,3,2,true,3,2,true,3,2,true,3,2,true,3,2,true,3,2
43,1,YYXyx,YYxYxYX,True,13,9,True,14,11,true,13,9,true,13,9,true,14,11,true,14,11,true,14,11,true,14,11,true,14,11,true,14,11,true,14,11,true,14,11,true,14,11,true,14,11
48,1,YYYxxYX,YYXyx,True,18,11,True,13,11,true,15,11,true,15,11,true,14,11,true,14,11,true,14,11,true,13,11,true,13,11,true,13,11,true,13,11,true,13,11,true,13,11,true,13,11
77,1,YYXyx,YXyXXyxx,True,11,8,True,11,10,true,11,10,true,11,10,true,11,10,true,11,10,true,11,10,true,11,10,true,11,10,true,11,10,true,11,10,true,11,10,true,11,10,true,11,10
141,1,YYXyx,YXyXyxxx,True,12,10,True,12,10,true,12,10,true,12,10,true,12,10,true,12,10,true,12,10,true,12,10,true,12,10,true,12,10,true,12,10,true,12,10,true,12,10,true,12,10
155,1,YYYYxyXX,YYXyx,True,18,12,True,13,12,true,18,14,true,18,14,true,14,12,true,14,12,true,14,12,true,13,12,true,13,12,true,13,12,true,13,12,true,13,12,true,13,12,true,13,12
201,2,YYYXyyx,YYXYxYx,True,61,15,True,49,20,true,45,15,true,45,15,true,45,15,true,45,15,true,35,20,true,34,20,true,35,20,true,27,17,true,26,17,true,58,17,true,74,17,true,95,17
203,3,YYYXyyx,YYxYXYx,True,116,16,True,98,20,true,93,16,true,88,16,true,84,16,true,84,16,true,53,20,true,45,20,true,60,20,true,60,20,true,68,20,true,81,20,true,96,20,true,120,20
217,2,YYYXyyx,YYYxxyX,True,57,13,True,48,18,true,44,13,true,44,13,true,44,13,true,44,13,true,34,18,true,33,18,true,34,18,true,27,15,true,26,15,true,58,15,true,74,15,true,95,15
228,0,YYYXyyx,YYXXYYx,True,9,7,True,8,7,true,8,7,true,8,7,true,8,7,true,8,7,true,8,7,true,8,7,true,8,7,true,8,7,true,8,7,true,8,7,true,8,7,true,8,7
247,2,YYYXyyx,YYXyyXyx,True,46,9,True,70,13,true,43,9,true,43,9,true,49,9,true,49,9,true,31,13,true,27,13,true,39,13,true,39,13,true,49,13,true,60,13,true,72,13,true,94,13
265,3,YYYXyyx,YYYxYxYX,True,121,21,True,99,25,true,94,21,true,89,21,true,85,21,true,85,21,true,54,25,true,46,25,true,61,25,true,61,25,true,69,25,true,82,25,true,97,25,true,121,25
288,2,YYYYXXYx,YYYXyyx,True,106,17,True,97,21,true,91,17,true,86,17,true,81,17,true,81,17,true,52,21,true,44,21,true,59,21,true,59,21,true,67,21,true,80,21,true,95,21,true,119,21
323,0,YYYYYx,YYYYXyyyx,True,7,6,True,7,6,true,7,6,true,7,6,true,7,6,true,7,6,true,7,6,true,7,6,true,7,6,true,7,6,true,7,6,true,7,6,true,7,6,true,7,6
327,3,YYYYXyyyx,YYxYXX,True,273,29,True,198,34,true,182,29,true,170,29,true,177,28,true,173,28,true,155,32,true,155,32,true,162,32,true,47,25,true,78,25,true,152,25,true,316,25,true,663,25
331,2,YYYYXyyyx,YYXYxYx,True,93,24,True,51,23,true,106,24,true,110,24,true,115,24,true,119,24,true,105,28,true,41,23,true,55,23,true,48,21,true,59,21,true,70,21,true,82,21,true,104,21
333,3,YYYYXyyyx,YYxyXYx,True,313,35,True,224,31,true,243,37,true,243,25,true,193,25,true,185,25,true,173,29,true,177,29,true,183,29,true,72,27,true,79,21,true,154,21,true,319,21,true,664,21
367,2,YYYYXyyyx,YYXYYxYx,True,83,21,True,64,25,true,100,23,true,92,23,true,95,23,true,95,23,true,72,25,true,68,25,true,68,25,true,72,23,true,43,22,true,69,22,true,85,22,true,106,22
380,3,YYYYXyyyx,YYYYxxyX,True,381,39,True,226,36,true,244,41,true,243,30,true,193,30,true,185,30,true,175,34,true,179,34,true,185,34,true,74,32,true,79,26,true,154,26,true,319,26,true,664,26
455,0,YYYYYXyyyyx,YYYYxYXX,True,10,9,True,10,9,true,10,9,true,10,9,true,10,9,true,10,9,true,10,9,true,10,9,true,10,9,true,9,8,true,9,8,true,9,8,true,9,8,true,9,8
496,0,YYYYYYYXyyyyyyx,YYX,True,4,3,True,4,3,true,4,3,true,4,3,true,4,3,true,4,3,true,4,3,true,4,3,true,4,3,true,4,3,true,4,3,true,4,3,true,4,3,true,4,3
505,1,YYYYYYYXyyyyyyx,YYXyyxx,True,34,23,True,23,17,true,32,23,true,32,23,true,29,21,true,29,21,true,28,21,true,29,21,true,30,21,true,31,21,true,33,21,true,43,23,true,61,23,true,226,23
521,0,YYYYYYYYXyyyyyyyx,YYYx,True,5,4,True,5,4,true,5,4,true,5,4,true,5,4,true,5,4,true,5,4,true,5,4,true,5,4,true,5,4,true,5,4,true,5,4,true,5,4,true,5,4
533,4,YYYYXyyyx,YYYXYxYx,True,438,43,True,227,38,true,244,45,true,246,34,true,196,34,true,188,34,true,176,36,true,180,36,true,186,36,true,75,34,true,79,28,true,154,28,true,319,28,true,664,28
538,5,YYYYYXyyyyx,YYxYxYX,False,1000,,True,531,32,false,1000,,true,986,39,true,690,39,true,559,36,true,475,26,true,480,26,true,503,32,true,384,32,true,370,32,true,299,27,true,586,23,true,912,23
543,5,YYYYYXyyyyx,YYYYXYxx,False,1000,,True,160,52,true,968,83,false,1000,,true,729,72,true,394,62,true,220,60,true,197,58,true,173,56,true,162,56,true,131,44,true,191,44,true,313,44,true,531,44
544,5,YYYYYXyyyyx,YYYxyXYx,False,1000,,True,160,48,true,968,77,false,1000,,true,729,66,true,394,56,true,220,56,true,197,54,true,173,52,true,162,52,true,128,40,true,191,40,true,313,40,true,531,40
546,4,YYYYYXyyyyx,YYXYYxYx,True,398,24,True,111,23,true,224,25,true,161,25,true,143,25,true,136,25,true,145,31,true,135,31,true,140,31,true,80,23,true,61,23,true,67,23,true,92,25,true,103,25
548,4,YYYYYXyyyyx,YYxYYxyX,True,661,28,True,496,34,true,562,28,true,819,39,true,575,39,true,465,38,true,501,50,true,449,45,true,448,34,true,365,34,true,354,34,true,295,20,true,583,20,true,909,20
549,5,YYYYYXyyyyx,YYYxYxYX,False,1000,,True,137,47,true,942,78,true,547,75,true,426,68,true,226,55,true,195,55,true,172,53,true,158,51,true,123,51,true,100,47,true,190,47,true,312,47,true,530,47
565,5,YYYYYYXyyyyyx,YYxyXYx,False,1000,,True,422,99,false,1000,,false,1000,,false,1000,,false,1000,,true,994,111,true,778,107,true,461,105,false,1000,,false,1000,,false,1000,,false,1000,,false,1000,
568,7,YYYYYYXyyyyyx,YYXYXyx,False,1000,,False,1000,,false,1000,,false,1000,,false,1000,,false,1000,,false,1000,,false,1000,,false,1000,,false,1000,,false,1000,,false,1000,,false,1000,,false,1000,
573,6,YYYYYYXyyyyyx,YYYYXYxx,False,1000,,False,1000,,false,1000,,false,1000,,false,1000,,false,1000,,false,1000,,false,1000,,false,1000,,false,1000,,false,1000,,false,1000,,false,1000,,false,1000,
575,6,YYYYYYXyyyyyx,YYYxyXYx,False,1000,,True,422,102,false,1000,,false,1000,,false,1000,,false,1000,,true,994,114,true,778,110,true,461,108,false,1000,,false,1000,,false,1000,,false,1000,,false,1000,
578,7,YYYYYYXyyyyyx,YYXYYXyx,False,1000,,False,1000,,false,1000,,false,1000,,false,1000,,false,1000,,false,1000,,false,1000,,false,1000,,false,1000,,false,1000,,false,1000,,false,1000,,false,1000,
579,3,YYYYYYXyyyyyx,YYYXYYxx,True,366,26,True,101,25,true,212,28,true,164,28,true,137,28,true,132,28,true,146,34,true,133,34,true,139,34,true,79,26,true,62,25,true,68,25,true,89,27,true,100,27
580,4,YYYYYYXyyyyyx,YYYxxYYX,True,875,47,True,252,42,true,460,47,true,331,46,true,272,40,true,219,38,true,188,42,true,185,42,true,190,42,true,200,42,true,69,32,true,57,32,true,113,32,true,274,32
581,6,YYYYYYXyyyyyx,YYYYxxYX,False,1000,,True,385,99,false,1000,,false,1000,,false,1000,,true,865,115,true,652,111,true,488,107,true,416,105,false,1000,,false,1000,,false,1000,,false,1000,,false,1000,
583,7,YYYYYYXyyyyyx,YYXyxYYx,False,1000,,False,1000,,false,1000,,false,1000,,false,1000,,false,1000,,false,1000,,false,1000,,false,1000,,false,1000,,false,1000,,false,1000,,false,1000,,false,1000,
586,6,YYYYYYXyyyyyx,YYYYxYXX,False,1000,,True,388,99,false,1000,,false,1000,,false,1000,,true,870,115,true,657,111,true,491,107,true,419,105,false,1000,,false,1000,,false,1000,,false,1000,,false,1000,
589,4,YYYYYYXyyyyyx,YYYXYXYx,True,558,46,True,575,38,true,302,36,true,305,36,true,883,43,true,691,42,true,672,54,true,583,49,true,545,38,true,418,38,true,384,38,true,327,33,true,587,27,true,913,27
596,7,YYYYYYYXyyyyyyx,YYxyXYx,False,1000,,False,1000,,false,1000,,false,1000,,false,1000,,false,1000,,false,1000,,false,1000,,false,1000,,false,1000,,false,1000,,false,1000,,false,1000,,false,1000,
602,6,YYYYYYYXyyyyyyx,YYYxYXX,False,1000,,True,824,52,false,1000,,false,1000,,false,1000,,false,1000,,false,1000,,false,1000,,false,1000,,true,745,43,true,485,41,true,425,41,true,327,35,true,329,35
605,8,YYYYYYYXyyyyyyx,YYYXyxYX,False,1000,,False,1000,,false,1000,,false,1000,,false,1000,,false,1000,,false,1000,,false,1000,,false,1000,,false,1000,,false,1000,,false,1000,,false,1000,,false,1000,
606,5,YYYYYYYXyyyyyyx,YYYxxYYX,False,1000,,True,829,45,false,1000,,false,1000,,true,667,49,true,539,49,true,478,53,true,394,51,false,1000,,true,916,50,true,582,43,true,413,46,true,177,29,true,910,41
609,4,YYYYYYYXyyyyyyx,YYYxYxyX,False,1000,,True,821,45,true,962,62,true,761,43,true,875,42,true,970,42,false,1000,,false,1000,,false,1000,,true,740,36,true,480,34,true,420,34,true,327,28,true,328,28
610,8,YYYYYYYXyyyyyyx,YYYxYXyx,False,1000,,False,1000,,false,1000,,false,1000,,false,1000,,false,1000,,false,1000,,false,1000,,false,1000,,false,1000,,false,1000,,false,1000,,false,1000,,false,1000,
622,8,YYYYYYYYXyyyyyyyx,YYxyXYx,False,1000,,False,1000,,false,1000,,false,1000,,false,1000,,false,1000,,false,1000,,false,1000,,false,1000,,false,1000,,false,1000,,false,1000,,false,1000,,false,1000,
623,8,YYYYYYYYXyyyyyyyx,YYXyxYX,False,1000,,False,1000,,false,1000,,false,1000,,false,1000,,false,1000,,false,1000,,false,1000,,false,1000,,false,1000,,false,1000,,false,1000,,false,1000,,false,1000,
624,8,YYYYYYYYXyyyyyyyx,YYxYXyx,False,1000,,False,1000,,false,1000,,false,1000,,false,1000,,false,1000,,false,1000,,false,1000,,false,1000,,false,1000,,false,1000,,false,1000,,false,1000,,false,1000,
625,8,YYYYYYYYXyyyyyyyx,YYXYxyX,False,1000,,False,1000,,false,1000,,false,1000,,false,1000,,false,1000,,false,1000,,false,1000,,false,1000,,false,1000,,false,1000,,false,1000,,false,1000,,false,1000,
628,7,YYYYYYYYXyyyyyyyx,YYXyXyyx,False,1000,,True,106,36,false,1000,,false,1000,,false,1000,,false,1000,,true,830,44,true,496,42,true,297,40,true,138,40,true,153,36,true,466,36,true,720,36,true,959,36
632,6,YYYYYYYYXyyyyyyyx,YYYYXXYx,False,1000,,True,831,57,false,1000,,false,1000,,false,1000,,false,1000,,false,1000,,false,1000,,false,1000,,true,750,49,true,491,47,true,432,46,true,329,40,true,331,40
633,7,YYYYYYYYXyyyyyyyx,YYXyyxyx,False,1000,,True,107,36,false,1000,,false,1000,,false,1000,,false,1000,,true,830,44,true,496,42,true,297,40,true,138,40,true,154,36,true,467,36,true,721,36,true,960,36
634,9,YYYYYYYXyyyyyyx,YYYXyyxx,False,1000,,False,1000,,false,1000,,false,1000,,false,1000,,false,1000,,false,1000,,false,1000,,false,1000,,false,1000,,false,1000,,false,1000,,false,1000,,false,1000,
635,9,YYYYYYYXyyyyyyx,YYYXXyyx,False,1000,,False,1000,,false,1000,,false,1000,,false,1000,,false,1000,,false,1000,,false,1000,,false,1000,,false,1000,,false,1000,,false,1000,,false,1000,,false,1000,
636,9,YYYYYYYYXyyyyyyyx,YYYXYxyX,False,1000,,False,1000,,false,1000,,false,1000,,false,1000,,false,1000,,false,1000,,false,1000,,false,1000,,false,1000,,false,1000,,false,1000,,false,1000,,false,1000,
637,9,YYYYYYYYXyyyyyyyx,YYYXyxYX,False,1000,,False,1000,,false,1000,,false,1000,,false,1000,,false,1000,,false,1000,,false,1000,,false,1000,,false,1000,,false,1000,,false,1000,,false,1000,,false,1000,
638,9,YYYYYYYYXyyyyyyyx,YYYxyXYx,False,1000,,False,1000,,false,1000,,false,1000,,false,1000,,false,1000,,false,1000,,false,1000,,false,1000,,false,1000,,false,1000,,false,1000,,false,1000,,false,1000,
639,9,YYYYYYYYXyyyyyyyx,YYYxYXyx,False,1000,,False,1000,,false,1000,,false,1000,,false,1000,,false,1000,,false,1000,,false,1000,,false,1000,,false,1000,,false,1000,,false,1000,,false,1000,,false,1000,
