pres_id,bin,r1,r2,b1k_greedy_solved,b1k_greedy_nodes,b1k_greedy_path,b1k_heur_solved,b1k_heur_nodes,b1k_heur_path,mk_w2_solved,mk_w2_nodes,mk_w2_path,mk_w4_solved,mk_w4_nodes,mk_w4_path,mk_w6_418_solved,mk_w6_418_nodes,mk_w6_418_path,mk_w8_solved,mk_w8_nodes,mk_w8_path,mk_w10_solved,mk_w10_nodes,mk_w10_path,mk_w12_solved,mk_w12_nodes,mk_w12_path,mk_w16_solved,mk_w16_nodes,mk_w16_path,mk_w24_solved,mk_w24_nodes,mk_w24_path
0,0,YYXyx,Yx,True,3,2,True,3,2,true,3,2,true,3,2,true,3,2,true,3,2,true,3,2,true,3,2,true,3,2,true,3,2
43,1,YYXyx,YYxYxYX,True,13,9,True,14,11,true,15,11,true,15,11,true,15,11,true,15,11,true,15,11,true,15,11,true,15,11,true,15,11
48,1,YYYxxYX,YYXyx,True,18,11,True,13,11,true,14,11,true,14,11,true,14,11,true,14,11,true,14,11,true,14,11,true,14,11,true,14,11
77,1,YYXyx,YXyXXyxx,True,11,8,True,11,10,true,11,10,true,11,10,true,11,10,true,11,10,true,11,10,true,11,10,true,11,10,true,11,10
141,1,YYXyx,YXyXyxxx,True,12,10,True,12,10,true,12,10,true,12,10,true,12,10,true,12,10,true,12,10,true,12,10,true,12,10,true,12,10
155,1,YYYYxyXX,YYXyx,True,18,12,True,13,12,true,14,12,true,14,12,true,14,12,true,14,12,true,14,12,true,14,12,true,14,12,true,14,12
201,2,YYYXyyx,YYXYxYx,True,61,15,True,49,20,true,64,15,true,74,15,true,83,15,true,166,15,true,208,15,true,237,15,true,324,15,true,508,15
203,3,YYYXyyx,YYxYXYx,True,116,16,True,98,20,true,112,16,true,158,16,true,211,16,true,241,16,true,302,16,true,367,16,true,517,16,true,931,16
217,2,YYYXyyx,YYYxxyX,True,57,13,True,48,18,true,61,13,true,71,13,true,80,13,true,163,13,true,205,13,true,234,13,true,321,13,true,505,13
228,0,YYYXyyx,YYXXYYx,True,9,7,True,8,7,true,9,7,true,9,7,true,9,8,true,9,8,true,9,8,true,9,8,true,9,8,true,9,8
247,2,YYYXyyx,YYXyyXyx,True,46,9,True,70,13,true,56,9,true,96,9,true,146,9,true,172,9,true,226,9,true,286,9,true,426,9,true,635,9
265,3,YYYXyyx,YYYxYxYX,True,121,21,True,99,25,true,116,21,true,162,21,true,214,21,true,247,21,true,306,21,true,372,21,true,611,21,true,934,21
288,2,YYYYXXYx,YYYXyyx,True,106,17,True,97,21,true,100,17,true,146,17,true,198,17,true,235,17,true,292,17,true,358,17,true,595,17,true,918,17
323,0,YYYYYx,YYYYXyyyx,True,7,6,True,7,6,true,7,6,true,7,6,true,7,6,true,7,6,true,7,6,true,7,6,true,7,6,true,7,6
327,3,YYYYXyyyx,YYxYXX,True,273,29,True,198,34,true,191,29,true,221,33,true,273,33,true,297,33,true,334,33,true,380,33,true,494,33,true,675,33
331,2,YYYYXyyyx,YYXYxYx,True,93,24,True,51,23,true,94,24,true,116,24,true,80,18,true,165,18,true,199,18,true,228,18,true,317,18,true,498,18
333,3,YYYYXyyyx,YYxyXYx,True,313,35,True,224,31,true,177,25,true,226,29,true,291,29,true,312,29,true,347,29,true,402,29,true,522,29,true,706,29
367,2,YYYYXyyyx,YYXYYxYx,True,83,21,True,64,25,true,78,21,true,155,25,true,105,20,true,187,20,true,210,20,true,244,20,true,328,20,true,515,20
380,3,YYYYXyyyx,YYYYxxyX,True,381,39,True,226,36,true,217,30,true,261,34,true,320,34,true,341,34,true,377,34,true,433,34,true,551,34,true,735,34
455,0,YYYYYXyyyyx,YYYYxYXX,True,10,9,True,10,9,true,10,9,true,10,9,true,10,9,true,10,9,true,10,9,true,10,9,true,10,9,true,10,9
496,0,YYYYYYYXyyyyyyx,YYX,True,4,3,True,4,3,true,4,3,true,4,3,true,4,3,true,4,3,true,4,3,true,4,3,true,4,3,true,4,3
505,1,YYYYYYYXyyyyyyx,YYXyyxx,True,34,23,True,23,17,true,28,21,true,26,21,true,27,21,true,29,21,true,30,21,true,30,21,true,31,21,true,32,21
521,0,YYYYYYYYXyyyyyyyx,YYYx,True,5,4,True,5,4,true,5,4,true,5,4,true,5,4,true,5,4,true,5,4,true,5,4,true,5,4,true,5,4
533,4,YYYYXyyyx,YYYXYxYx,True,438,43,True,227,38,true,306,35,true,348,39,true,416,39,true,439,39,true,477,39,true,536,39,true,658,39,true,844,39
538,5,YYYYYXyyyyx,YYxYxYX,False,1000,,True,531,32,true,775,39,true,858,38,true,878,38,true,982,38,false,1000,,false,1000,,false,1000,,false,1000,
543,5,YYYYYXyyyyx,YYYYXYxx,False,1000,,True,160,52,false,1000,,true,589,59,true,461,55,true,465,55,true,470,55,true,478,55,true,488,55,true,492,55
544,5,YYYYYXyyyyx,YYYxyXYx,False,1000,,True,160,48,true,965,60,true,513,52,true,431,48,true,434,48,true,439,48,true,447,48,true,457,48,true,462,48
546,4,YYYYYXyyyyx,YYXYYxYx,True,398,24,True,111,23,true,176,24,true,191,24,true,241,33,true,346,33,true,384,33,true,436,33,true,543,33,true,760,33
548,4,YYYYYXyyyyx,YYxYYxyX,True,661,28,True,496,34,true,720,39,true,821,46,true,767,40,true,865,40,true,923,40,true,971,40,false,1000,,false,1000,
549,5,YYYYYXyyyyx,YYYxYxYX,False,1000,,True,137,47,true,617,67,true,352,59,true,282,55,true,287,55,true,294,55,true,301,55,true,312,55,true,316,55
565,5,YYYYYYXyyyyyx,YYxyXYx,False,1000,,True,422,99,false,1000,,false,1000,,false,1000,,true,985,97,true,986,97,true,995,97,false,1000,,false,1000,
568,7,YYYYYYXyyyyyx,YYXYXyx,False,1000,,False,1000,,false,1000,,false,1000,,false,1000,,false,1000,,false,1000,,false,1000,,false,1000,,false,1000,
573,6,YYYYYYXyyyyyx,YYYYXYxx,False,1000,,False,1000,,false,1000,,false,1000,,false,1000,,false,1000,,false,1000,,false,1000,,false,1000,,false,1000,
575,6,YYYYYYXyyyyyx,YYYxyXYx,False,1000,,True,422,102,false,1000,,false,1000,,false,1000,,true,994,100,true,994,100,false,1000,,false,1000,,false,1000,
578,7,YYYYYYXyyyyyx,YYXYYXyx,False,1000,,False,1000,,false,1000,,false,1000,,false,1000,,false,1000,,false,1000,,false,1000,,false,1000,,false,1000,
579,3,YYYYYYXyyyyyx,YYYXYYxx,True,366,26,True,101,25,true,183,27,true,195,26,true,219,27,true,323,27,true,362,27,true,414,27,true,521,27,true,738,27
580,4,YYYYYYXyyyyyx,YYYxxYYX,True,875,47,True,252,42,true,324,40,true,304,41,true,347,41,true,371,41,true,412,41,true,474,41,true,600,41,true,832,41
581,6,YYYYYYXyyyyyx,YYYYxxYX,False,1000,,True,385,99,false,1000,,false,1000,,true,809,123,true,733,109,true,731,109,true,740,109,true,752,109,true,759,109
583,7,YYYYYYXyyyyyx,YYXyxYYx,False,1000,,False,1000,,false,1000,,false,1000,,false,1000,,false,1000,,false,1000,,false,1000,,false,1000,,false,1000,
586,6,YYYYYYXyyyyyx,YYYYxYXX,False,1000,,True,388,99,false,1000,,false,1000,,true,832,127,true,743,109,true,740,109,true,749,109,true,761,109,true,768,109
589,4,YYYYYYXyyyyyx,YYYXYXYx,True,558,46,True,575,38,true,271,34,false,1000,,false,1000,,false,1000,,false,1000,,false,1000,,false,1000,,false,1000,
596,7,YYYYYYYXyyyyyyx,YYxyXYx,False,1000,,False,1000,,false,1000,,false,1000,,false,1000,,false,1000,,false,1000,,false,1000,,false,1000,,false,1000,
602,6,YYYYYYYXyyyyyyx,YYYxYXX,False,1000,,True,824,52,false,1000,,false,1000,,false,1000,,false,1000,,false,1000,,false,1000,,false,1000,,false,1000,
605,8,YYYYYYYXyyyyyyx,YYYXyxYX,False,1000,,False,1000,,false,1000,,false,1000,,false,1000,,false,1000,,false,1000,,false,1000,,false,1000,,false,1000,
606,5,YYYYYYYXyyyyyyx,YYYxxYYX,False,1000,,True,829,45,true,717,49,true,551,48,true,970,51,false,1000,,false,1000,,false,1000,,false,1000,,false,1000,
609,4,YYYYYYYXyyyyyyx,YYYxYxyX,False,1000,,True,821,45,false,1000,,false,1000,,false,1000,,false,1000,,false,1000,,false,1000,,false,1000,,false,1000,
610,8,YYYYYYYXyyyyyyx,YYYxYXyx,False,1000,,False,1000,,false,1000,,false,1000,,false,1000,,false,1000,,false,1000,,false,1000,,false,1000,,false,1000,
622,8,YYYYYYYYXyyyyyyyx,YYxyXYx,False,1000,,False,1000,,false,1000,,false,1000,,false,1000,,false,1000,,false,1000,,false,1000,,false,1000,,false,1000,
623,8,YYYYYYYYXyyyyyyyx,YYXyxYX,False,1000,,False,1000,,false,1000,,false,1000,,false,1000,,false,1000,,false,1000,,false,1000,,false,1000,,false,1000,
624,8,YYYYYYYYXyyyyyyyx,YYxYXyx,False,1000,,False,1000,,false,1000,,false,1000,,false,1000,,false,1000,,false,1000,,false,1000,,false,1000,,false,1000,
625,8,YYYYYYYYXyyyyyyyx,YYXYxyX,False,1000,,False,1000,,false,1000,,false,1000,,false,1000,,false,1000,,false,1000,,false,1000,,false,1000,,false,1000,
628,7,YYYYYYYYXyyyyyyyx,YYXyXyyx,False,1000,,True,106,36,false,1000,,true,822,40,true,357,36,true,139,36,true,129,36,true,119,36,true,117,36,true,119,36
632,6,YYYYYYYYXyyyyyyyx,YYYYXXYx,False,1000,,True,831,57,false,1000,,false,1000,,false,1000,,false,1000,,false,1000,,false,1000,,false,1000,,false,1000,
633,7,YYYYYYYYXyyyyyyyx,YYXyyxyx,False,1000,,True,107,36,false,1000,,true,820,40,true,356,36,true,138,36,true,128,36,true,118,36,true,116,36,true,118,36
634,9,YYYYYYYXyyyyyyx,YYYXyyxx,False,1000,,False,1000,,false,1000,,false,1000,,false,1000,,false,1000,,false,1000,,false,1000,,false,1000,,false,1000,
635,9,YYYYYYYXyyyyyyx,YYYXXyyx,False,1000,,False,1000,,false,1000,,false,1000,,false,1000,,false,1000,,false,1000,,false,1000,,false,1000,,false,1000,
636,9,YYYYYYYYXyyyyyyyx,YYYXYxyX,False,1000,,False,1000,,false,1000,,false,1000,,false,1000,,false,1000,,false,1000,,false,1000,,false,1000,,false,1000,
637,9,YYYYYYYYXyyyyyyyx,YYYXyxYX,False,1000,,False,1000,,false,1000,,false,1000,,false,1000,,false,1000,,false,1000,,false,1000,,false,1000,,false,1000,
638,9,YYYYYYYYXyyyyyyyx,YYYxyXYx,False,1000,,False,1000,,false,1000,,false,1000,,false,1000,,false,1000,,false,1000,,false,1000,,false,1000,,false,1000,
639,9,YYYYYYYYXyyyyyyyx,YYYxYXyx,False,1000,,False,1000,,false,1000,,false,1000,,false,1000,,false,1000,,false,1000,,false,1000,,false,1000,,false,1000,
