pres_id,bin,aut_class,start_length,r1,r2,nodes_bestcov_b10k,nodes_greedy_b1M,nodes_stdcov_b1M,nodes_dualcov_b1M,nodes_hsearch_base_b100k,nodes_hsearch_reco_b100k,nodes_greedy_b10k,solved_bestcov_b10k,solved_greedy_b1M,solved_stdcov_b1M,solved_dualcov_b1M,solved_hsearch_base_b100k,solved_hsearch_reco_b100k,solved_greedy_b10k,best_z,best_cov_class,x_bestcov_greedy_b1M,x_bestcov_stdcov_b1M,x_bestcov_dualcov_b1M,x_bestcov_hsearch_base_b100k,x_bestcov_hsearch_reco_b100k,x_bestcov_greedy_b10k,nodes_bestcov_b20k,solved_bestcov_b20k,best_technique_is_oracle,best_technique,best_nodes
0,0,0,7,YYXyx,Yx,2,3,3,3,3,3,3,True,True,True,True,True,True,True,Yxy,relabel,1.5,1.5,1.5,1.5,1.5,1.5,2,True,True,bestcov_b10k,2
496,0,68,18,YYYYYYYXyyyyyyx,YYX,3,4,4,3,4,4,4,True,True,True,True,True,True,True,YYYYYxyyyyyyy,relabel,1.33,1.33,1.0,1.33,1.33,1.33,3,True,True,bestcov_b10k,3
521,0,83,21,YYYYYYYYXyyyyyyyx,YYYx,3,5,5,3,5,5,5,True,True,True,True,True,True,True,YXyy,relabel,1.67,1.67,1.0,1.67,1.67,1.67,3,True,True,bestcov_b10k,3
323,0,2,15,YYYYYx,YYYYXyyyx,4,7,5,3,7,7,7,True,True,True,True,True,True,True,Xyyy,relabel,1.75,1.25,0.75,1.75,1.75,1.75,4,True,True,dualcov_b1M,3
228,0,52,14,YYYXyyx,YYXXYYx,4,9,7,9,9,8,9,True,True,True,True,True,True,True,yyx,moved,2.25,1.75,2.25,2.25,2.0,2.25,4,True,True,bestcov_b10k,4
455,0,89,19,YYYYYXyyyyx,YYYYxYXX,3,10,7,10,10,10,10,True,True,True,True,True,True,True,yyyyx,moved,3.33,2.33,3.33,3.33,3.33,3.33,3,True,True,bestcov_b10k,3
77,1,25,13,YYXyx,YXyXXyxx,7,11,8,9,11,11,11,True,True,True,True,True,True,True,Xy,moved,1.57,1.14,1.29,1.57,1.57,1.57,7,True,True,bestcov_b10k,7
43,1,7,12,YYXyx,YYxYxYX,7,13,18,13,13,14,13,True,True,True,True,True,True,True,xyX,relabel,1.86,2.57,1.86,1.86,2.0,1.86,7,True,True,bestcov_b10k,7
141,1,46,13,YYXyx,YXyXyxxx,8,12,21,12,12,12,12,True,True,True,True,True,True,True,yx,moved,1.5,2.62,1.5,1.5,1.5,1.5,8,True,True,bestcov_b10k,8
48,1,13,12,YYYxxYX,YYXyx,9,18,27,17,18,13,18,True,True,True,True,True,True,True,Xy,moved,2.0,3.0,1.89,2.0,1.44,2.0,9,True,True,bestcov_b10k,9
155,1,31,13,YYYYxyXX,YYXyx,9,18,31,41,18,13,18,True,True,True,True,True,True,True,xyX,relabel,2.0,3.44,4.56,2.0,1.44,2.0,9,True,True,bestcov_b10k,9
505,1,105,22,YYYYYYYXyyyyyyx,YYXyyxx,15,34,58,36,34,23,34,True,True,True,True,True,True,True,Yxyy,moved,2.27,3.87,2.4,2.27,1.53,2.27,15,True,True,bestcov_b10k,15
247,2,23,15,YYYXyyx,YYXyyXyx,9,46,18,9,46,70,46,True,True,True,True,True,True,True,XyyXy,relabel,5.11,2.0,1.0,5.11,7.78,5.11,9,True,True,bestcov_b10k,9
217,2,51,14,YYYXyyx,YYYxxyX,9,57,21,56,57,48,57,True,True,True,True,True,True,True,Xyy,moved,6.33,2.33,6.22,6.33,5.33,6.33,9,True,True,bestcov_b10k,9
201,2,19,14,YYYXyyx,YYXYxYx,10,61,22,35,61,49,61,True,True,True,True,True,True,True,Xyx,relabel,6.1,2.2,3.5,6.1,4.9,6.1,10,True,True,bestcov_b10k,10
288,2,55,15,YYYYXXYx,YYYXyyx,12,106,28,189,106,97,106,True,True,True,True,True,True,True,Xyx,relabel,8.83,2.33,15.75,8.83,8.08,8.83,12,True,True,bestcov_b10k,12
367,2,72,17,YYYYXyyyx,YYXYYxYx,25,83,20,56,83,64,83,True,True,True,True,True,True,True,Xyyy,relabel,3.32,0.8,2.24,3.32,2.56,3.32,25,True,True,stdcov_b1M,20
331,2,65,16,YYYYXyyyx,YYXYxYx,9,93,14,47,93,51,93,True,True,True,True,True,True,True,Xyx,relabel,10.33,1.56,5.22,10.33,5.67,10.33,9,True,True,bestcov_b10k,9
203,3,10,14,YYYXyyx,YYxYXYx,32,116,23,53,116,98,116,True,True,True,True,True,True,True,Xyy,moved,3.62,0.72,1.66,3.62,3.06,3.62,32,True,True,stdcov_b1M,23
265,3,49,15,YYYXyyx,YYYxYxYX,62,121,32,94,121,99,121,True,True,True,True,True,True,True,xyX,relabel,1.95,0.52,1.52,1.95,1.6,1.95,62,True,True,stdcov_b1M,32
579,3,100,21,YYYYYYXyyyyyx,YYYXYYxx,11,366,14,176,366,101,366,True,True,True,True,True,True,True,Xyyy,relabel,33.27,1.27,16.0,33.27,9.18,33.27,11,True,True,bestcov_b10k,11
327,3,66,15,YYYYXyyyx,YYxYXX,25,273,48,238,273,198,273,True,True,True,True,True,True,True,yyyx,relabel,10.92,1.92,9.52,10.92,7.92,10.92,25,True,True,bestcov_b10k,25
333,3,54,16,YYYYXyyyx,YYxyXYx,22,313,48,22,313,224,313,True,True,True,True,True,True,True,YYXyyy,relabel,14.23,2.18,1.0,14.23,10.18,14.23,22,True,True,bestcov_b10k,22
380,3,77,17,YYYYXyyyx,YYYYxxyX,22,381,71,535,381,226,381,True,True,True,True,True,True,True,Xyyy,moved,17.32,3.23,24.32,17.32,10.27,17.32,22,True,True,bestcov_b10k,22
546,4,85,19,YYYYYXyyyyx,YYXYYxYx,15,398,22,123,398,111,398,True,True,True,True,True,True,True,Xyyyy,relabel,26.53,1.47,8.2,26.53,7.4,26.53,15,True,True,bestcov_b10k,15
548,4,82,19,YYYYYXyyyyx,YYxYYxyX,13,661,22,64,661,496,661,True,True,True,True,True,True,True,Xyyy,relabel,50.85,1.69,4.92,50.85,38.15,50.85,13,True,True,bestcov_b10k,13
533,4,69,17,YYYYXyyyx,YYYXYxYx,23,438,68,317,438,227,438,True,True,True,True,True,True,True,Xyyy,relabel,19.04,2.96,13.78,19.04,9.87,19.04,23,True,True,bestcov_b10k,23
589,4,94,21,YYYYYYXyyyyyx,YYYXYXYx,13,558,33,211,558,575,558,True,True,True,True,True,True,True,xyyyyyy,relabel,42.92,2.54,16.23,42.92,44.23,42.92,13,True,True,bestcov_b10k,13
580,4,101,21,YYYYYYXyyyyyx,YYYxxYYX,25,875,56,448,875,252,875,True,True,True,True,True,True,True,Xyyyyy,relabel,35.0,2.24,17.92,35.0,10.08,35.0,25,True,True,bestcov_b10k,25
609,4,104,23,YYYYYYYXyyyyyyx,YYYxYxyX,37,1217,105,429,1217,821,1217,True,True,True,True,True,True,True,Xyyy,moved,32.89,2.84,11.59,32.89,22.19,32.89,37,True,True,bestcov_b10k,37
538,5,81,18,YYYYYXyyyyx,YYxYxYX,13,2261,28,255,2261,531,2261,True,True,True,True,True,True,True,Xyyy,relabel,173.92,2.15,19.62,173.92,40.85,173.92,13,True,True,bestcov_b10k,13
606,5,107,23,YYYYYYYXyyyyyyx,YYYxxYYX,17,2023,23,1028,2023,829,2023,True,True,True,True,True,True,True,Xyyyyy,relabel,119.0,1.35,60.47,119.0,48.76,119.0,17,True,True,bestcov_b10k,17
544,5,74,19,YYYYYXyyyyx,YYYxyXYx,117,1569,414,163,1569,160,1569,True,True,True,True,True,True,True,xYXy,relabel,13.41,3.54,1.39,13.41,1.37,13.41,117,True,True,bestcov_b10k,117
549,5,84,19,YYYYYXyyyyx,YYYxYxYX,226,1411,434,706,1411,137,1411,True,True,True,True,True,True,True,Xyyy,moved,6.24,1.92,3.12,6.24,0.61,6.24,226,True,False,hsearch_reco_b100k,137
543,5,88,19,YYYYYXyyyyx,YYYYXYxx,118,1813,444,1140,1813,160,1813,True,True,True,True,True,True,True,Xyx,relabel,15.36,3.76,9.66,15.36,1.36,15.36,118,True,True,bestcov_b10k,118
565,5,87,20,YYYYYYXyyyyyx,YYxyXYx,615,1404,5608,1130,1404,422,1404,True,True,True,True,True,True,True,xYXy,relabel,2.28,9.12,1.84,2.28,0.69,2.28,615,True,False,hsearch_reco_b100k,422
602,6,103,22,YYYYYYYXyyyyyyx,YYYxYXX,37,6285,120,1952,6285,824,6285,True,True,True,True,True,True,True,YYxyyyyyyy,relabel,169.86,3.24,52.76,169.86,22.27,169.86,37,True,True,bestcov_b10k,37
632,6,111,25,YYYYYYYYXyyyyyyyx,YYYYXXYx,39,6425,120,3733,6425,831,6425,True,True,True,True,True,True,True,YYxyyyyyyyy,relabel,164.74,3.08,95.72,164.74,21.31,164.74,39,True,True,bestcov_b10k,39
573,6,98,21,YYYYYYXyyyyyx,YYYYXYxx,3182,13393,137,2805,13393,7607,10000,True,True,True,True,True,True,False,Xyyy,relabel,4.21,0.04,0.88,4.21,2.39,,3182,True,True,stdcov_b1M,137
586,6,99,21,YYYYYYXyyyyyx,YYYYxYXX,616,9162,5555,2159,9162,388,9162,True,True,True,True,True,True,True,yyyyyx,relabel,14.87,9.02,3.5,14.87,0.63,14.87,616,True,False,hsearch_reco_b100k,388
581,6,99,21,YYYYYYXyyyyyx,YYYYxxYX,632,9567,5555,2162,9567,385,9567,True,True,True,True,True,True,True,Xyyyyy,relabel,15.14,8.79,3.42,15.14,0.61,15.14,632,True,False,hsearch_reco_b100k,385
575,6,87,21,YYYYYYXyyyyyx,YYYxyXYx,615,14383,5608,1130,14383,422,10000,True,True,True,True,True,True,False,xYXy,relabel,23.39,9.12,1.84,23.39,0.69,,615,True,False,hsearch_reco_b100k,422
568,7,93,20,YYYYYYXyyyyyx,YYXYXyx,3181,15814,103,1311,15814,7580,10000,True,True,True,True,True,True,False,XYxy,relabel,4.97,0.03,0.41,4.97,2.38,,3181,True,True,stdcov_b1M,103
578,7,93,21,YYYYYYXyyyyyx,YYXYYXyx,3181,15873,104,1233,15873,7581,10000,True,True,True,True,True,True,False,XYxy,relabel,4.99,0.03,0.39,4.99,2.38,,3181,True,True,stdcov_b1M,104
583,7,93,21,YYYYYYXyyyyyx,YYXyxYYx,3320,16111,104,1140,16111,7679,10000,True,True,True,True,True,True,False,XYxy,relabel,4.85,0.03,0.34,4.85,2.31,,3320,True,True,stdcov_b1M,104
628,7,110,25,YYYYYYYYXyyyyyyyx,YYXyXyyx,158,26774,2560,1987,26774,106,10000,True,True,True,True,True,True,False,YYYYYYYxyyyyyyy,relabel,169.46,16.2,12.58,169.46,0.67,,158,True,False,hsearch_reco_b100k,106
633,7,110,25,YYYYYYYYXyyyyyyyx,YYXyyxyx,158,26838,2526,1534,26838,107,10000,True,True,True,True,True,True,False,XYYxyy,relabel,169.86,15.99,9.71,169.86,0.68,,158,True,False,hsearch_reco_b100k,107
596,7,97,22,YYYYYYYXyyyyyyx,YYxyXYx,3353,16168,37189,6361,16168,8239,10000,True,True,True,True,True,True,False,xYXy,relabel,4.82,11.09,1.9,4.82,2.46,,3353,True,True,bestcov_b10k,3353
605,8,97,23,YYYYYYYXyyyyyyx,YYYXyxYX,3353,60593,37181,6341,60593,8241,10000,True,True,True,True,True,True,False,YYYxyyyyyyy,relabel,18.07,11.09,1.89,18.07,2.46,,3353,True,True,bestcov_b10k,3353
610,8,97,23,YYYYYYYXyyyyyyx,YYYxYXyx,3359,61366,37175,6345,61366,8230,10000,True,True,True,True,True,True,False,XYxy,relabel,18.27,11.07,1.89,18.27,2.45,,3359,True,True,bestcov_b10k,3359
625,8,106,24,YYYYYYYYXyyyyyyyx,YYXYxyX,,78770,178203,66237,78770,62511,10000,False,True,True,True,True,True,False,xyyyy,relabel,5.45,12.33,4.58,5.45,4.33,,14447,True,True,bestcov_b20k,14447
622,8,106,24,YYYYYYYYXyyyyyyyx,YYxyXYx,,78774,178205,67449,78774,62530,10000,False,True,True,True,True,True,False,xyX,relabel,5.44,12.32,4.66,5.44,4.32,,14469,True,True,bestcov_b20k,14469
624,8,106,24,YYYYYYYYXyyyyyyyx,YYxYXyx,,59971,178197,67370,59971,62509,10000,False,True,True,True,True,True,False,Xy,moved,4.17,12.39,4.68,4.17,4.35,,14385,True,True,bestcov_b20k,14385
623,8,106,24,YYYYYYYYXyyyyyyyx,YYXyxYX,,59710,178211,65389,59710,62528,10000,False,True,True,True,True,True,False,yx,moved,4.16,12.42,4.56,4.16,4.36,,14352,True,True,bestcov_b20k,14352
634,9,108,23,YYYYYYYXyyyyyyx,YYYXyyxx,410,574348,165,3911,100000,25045,10000,True,True,True,True,False,True,False,YYxyy,moved,1400.85,0.4,9.54,,61.09,,410,True,True,stdcov_b1M,165
635,9,108,23,YYYYYYYXyyyyyyx,YYYXXyyx,410,574959,165,4098,100000,25041,10000,True,True,True,True,False,True,False,yyxYY,moved,1402.34,0.4,10.0,,61.08,,410,True,True,stdcov_b1M,165
637,9,106,25,YYYYYYYYXyyyyyyyx,YYYXyxYX,,271866,178211,65030,100000,62528,10000,False,True,True,True,False,True,False,xyyy,moved,18.86,12.36,4.51,,4.34,,14413,True,True,bestcov_b20k,14413
639,9,106,25,YYYYYYYYXyyyyyyyx,YYYxYXyx,,272953,178197,66418,100000,62509,10000,False,True,True,True,False,True,False,yyyX,moved,18.9,12.34,4.6,,4.33,,14444,True,True,bestcov_b20k,14444
638,9,106,25,YYYYYYYYXyyyyyyyx,YYYxyXYx,,213878,178205,65632,100000,62534,10000,False,True,True,True,False,True,False,xyX,relabel,14.78,12.32,4.54,,4.32,,14469,True,True,bestcov_b20k,14469
636,9,106,25,YYYYYYYYXyyyyyyyx,YYYXYxyX,,213882,178203,65838,100000,62515,10000,False,True,True,True,False,True,False,xyyyyy,relabel,14.8,12.33,4.56,,4.33,,14447,True,True,bestcov_b20k,14447
SOLVED_COUNT,,,,,,52/60,60/60,60/60,60/60,54/60,60/60,40/60,,,,,,,,,,,,,,,,60/60,,,,
MEAN_all60_censored,,,,,,1792.6,45244.2,26130.2,9754.1,19879.4,10244.0,4137.1,,,,,,,,,,,,,,,,2383.1,,,,
MEDIAN_all60_censored,,,,,,34.5,1310.5,69.5,438.5,1310.5,226.5,1310.5,,,,,,,,,,,,,,,,34.5,,,,
MEAN_solved_only,,,,,,530.0,45244.2,26130.2,9754.1,10977.1,10244.0,1205.7,,,,,,,,,,82.16,3.51,9.36,29.39,9.79,26.16,2383.1,,,,
MEDIAN_solved_only,,,,,,24.0,1310.5,69.5,438.5,609.5,226.5,197.0,,,,,,,,,,9.58,2.22,3.23,7.58,2.46,7.58,34.5,,,,
