pres_id,bin,r1,r2,b1k_greedy_solved,b1k_greedy_nodes,b1k_greedy_path,b1k_heur_solved,b1k_heur_nodes,b1k_heur_path,s_w2_solved,s_w2_nodes,s_w2_path,s_w4_solved,s_w4_nodes,s_w4_path,s_w8_458_solved,s_w8_458_nodes,s_w8_458_path,s_w12_solved,s_w12_nodes,s_w12_path,s_w16_solved,s_w16_nodes,s_w16_path,s_w20_solved,s_w20_nodes,s_w20_path,s_w24_solved,s_w24_nodes,s_w24_path,s_w32_solved,s_w32_nodes,s_w32_path
0,0,YYXyx,Yx,True,3,2,True,3,2,true,3,2,true,3,2,true,3,2,true,3,2,true,3,2,true,3,2,true,3,2,true,3,2
43,1,YYXyx,YYxYxYX,True,13,9,True,14,11,true,10,9,true,10,9,true,10,9,true,10,9,true,10,9,true,10,9,true,10,9,true,10,9
48,1,YYYxxYX,YYXyx,True,18,11,True,13,11,true,13,11,true,13,11,true,13,11,true,13,11,true,13,11,true,13,11,true,13,11,true,13,11
77,1,YYXyx,YXyXXyxx,True,11,8,True,11,10,true,9,8,true,9,8,true,9,8,true,9,8,true,9,8,true,9,8,true,9,8,true,9,8
141,1,YYXyx,YXyXyxxx,True,12,10,True,12,10,true,11,10,true,11,10,true,11,10,true,18,11,true,28,11,true,28,11,true,28,11,true,28,11
155,1,YYYYxyXX,YYXyx,True,18,12,True,13,12,true,14,12,true,14,12,true,16,12,true,16,12,true,16,12,true,16,12,true,16,12,true,16,12
201,2,YYYXyyx,YYXYxYx,True,61,15,True,49,20,true,37,15,true,29,15,true,30,15,true,31,15,true,59,13,true,54,13,true,54,13,true,54,13
203,3,YYYXyyx,YYxYXYx,True,116,16,True,98,20,true,100,16,true,77,16,true,54,17,true,40,17,true,43,17,true,89,17,true,82,14,true,82,14
217,2,YYYXyyx,YYYxxyX,True,57,13,True,48,18,true,36,13,true,28,13,true,26,13,true,26,13,true,43,11,true,50,13,true,50,13,true,50,13
228,0,YYYXyyx,YYXXYYx,True,9,7,True,8,7,true,8,7,true,8,7,true,8,7,true,8,7,true,8,7,true,8,7,true,8,7,true,8,7
247,2,YYYXyyx,YYXyyXyx,True,46,9,True,70,13,true,42,9,true,26,9,true,24,10,true,16,10,true,16,10,true,16,10,true,16,10,true,16,10
265,3,YYYXyyx,YYYxYxYX,True,121,21,True,99,25,true,102,21,true,79,21,true,71,22,true,55,22,true,64,22,true,107,22,true,100,19,true,100,19
288,2,YYYYXXYx,YYYXyyx,True,106,17,True,97,21,true,88,17,true,74,17,true,55,18,true,48,18,true,44,18,true,77,14,true,77,14,true,77,14
323,0,YYYYYx,YYYYXyyyx,True,7,6,True,7,6,true,7,6,true,7,6,true,7,6,true,7,6,true,7,6,true,7,6,true,7,6,true,7,6
327,3,YYYYXyyyx,YYxYXX,True,273,29,True,198,34,true,158,29,true,136,29,true,139,30,true,115,24,true,124,24,true,140,24,true,120,26,true,117,26
331,2,YYYYXyyyx,YYXYxYx,True,93,24,True,51,23,true,61,24,true,51,24,true,50,26,true,47,25,true,55,25,true,33,11,true,33,11,true,33,11
333,3,YYYYXyyyx,YYxyXYx,True,313,35,True,224,31,true,148,31,true,122,31,true,81,27,true,78,27,true,133,32,true,128,32,true,128,30,true,128,30
367,2,YYYYXyyyx,YYXYYxYx,True,83,21,True,64,25,true,72,20,true,62,20,true,52,20,true,45,20,true,53,17,true,75,17,true,111,19,true,111,19
380,3,YYYYXyyyx,YYYYxxyX,True,381,39,True,226,36,true,150,35,true,124,35,true,92,32,true,88,32,true,174,37,true,184,47,true,205,45,true,228,45
455,0,YYYYYXyyyyx,YYYYxYXX,True,10,9,True,10,9,true,10,9,true,10,9,true,10,9,true,9,8,true,9,8,true,9,8,true,9,8,true,9,8
496,0,YYYYYYYXyyyyyyx,YYX,True,4,3,True,4,3,true,4,3,true,4,3,true,4,3,true,4,3,true,4,3,true,4,3,true,4,3,true,4,3
505,1,YYYYYYYXyyyyyyx,YYXyyxx,True,34,23,True,23,17,true,28,24,true,27,22,true,31,25,true,65,25,true,96,30,true,124,33,true,135,32,true,196,33
521,0,YYYYYYYYXyyyyyyyx,YYYx,True,5,4,True,5,4,true,5,4,true,5,4,true,5,4,true,5,4,true,5,4,true,5,4,true,5,4,true,5,4
533,4,YYYYXyyyx,YYYXYxYx,True,438,43,True,227,38,true,150,39,true,124,39,true,124,34,true,121,34,true,182,46,true,183,46,true,214,44,true,234,44
538,5,YYYYYXyyyyx,YYxYxYX,False,1000,,True,531,32,false,1000,,false,1000,,true,923,25,true,790,25,true,691,23,true,289,23,true,271,23,true,271,30
543,5,YYYYYXyyyyx,YYYYXYxx,False,1000,,True,160,52,false,1000,,true,983,77,true,546,74,true,435,74,true,534,77,true,462,77,true,460,77,true,682,86
544,5,YYYYYXyyyyx,YYYxyXYx,False,1000,,True,160,48,false,1000,,true,906,71,true,527,68,true,408,68,true,533,73,true,461,73,true,459,73,true,681,82
546,4,YYYYYXyyyyx,YYXYYxYx,True,398,24,True,111,23,true,289,24,true,227,24,true,165,24,true,189,34,true,185,34,true,170,23,true,157,22,true,268,22
548,4,YYYYYXyyyyx,YYxYYxyX,True,661,28,True,496,34,true,514,26,true,239,26,true,152,26,true,136,26,true,168,37,true,135,24,true,84,26,true,78,26
549,5,YYYYYXyyyyx,YYYxYxYX,False,1000,,True,137,47,false,1000,,true,944,77,true,648,68,true,626,66,true,807,66,true,731,66,true,856,71,false,1000,
565,5,YYYYYYXyyyyyx,YYxyXYx,False,1000,,True,422,99,false,1000,,false,1000,,false,1000,,false,1000,,false,1000,,false,1000,,false,1000,,false,1000,
568,7,YYYYYYXyyyyyx,YYXYXyx,False,1000,,False,1000,,false,1000,,false,1000,,false,1000,,false,1000,,false,1000,,false,1000,,false,1000,,false,1000,
573,6,YYYYYYXyyyyyx,YYYYXYxx,False,1000,,False,1000,,false,1000,,false,1000,,false,1000,,false,1000,,false,1000,,false,1000,,false,1000,,false,1000,
575,6,YYYYYYXyyyyyx,YYYxyXYx,False,1000,,True,422,102,false,1000,,false,1000,,false,1000,,false,1000,,false,1000,,false,1000,,false,1000,,false,1000,
578,7,YYYYYYXyyyyyx,YYXYYXyx,False,1000,,False,1000,,false,1000,,false,1000,,false,1000,,false,1000,,false,1000,,false,1000,,false,1000,,false,1000,
579,3,YYYYYYXyyyyyx,YYYXYYxx,True,366,26,True,101,25,true,229,26,true,168,26,true,102,26,true,125,36,true,118,36,true,79,21,true,86,21,true,67,18
580,4,YYYYYYXyyyyyx,YYYxxYYX,True,875,47,True,252,42,true,536,47,true,477,47,true,399,52,true,316,50,true,288,50,true,291,50,true,279,48,true,271,48
581,6,YYYYYYXyyyyyx,YYYYxxYX,False,1000,,True,385,99,false,1000,,false,1000,,false,1000,,false,1000,,false,1000,,false,1000,,false,1000,,false,1000,
583,7,YYYYYYXyyyyyx,YYXyxYYx,False,1000,,False,1000,,false,1000,,false,1000,,false,1000,,false,1000,,false,1000,,false,1000,,false,1000,,false,1000,
586,6,YYYYYYXyyyyyx,YYYYxYXX,False,1000,,True,388,99,false,1000,,false,1000,,false,1000,,false,1000,,false,1000,,false,1000,,false,1000,,false,1000,
589,4,YYYYYYXyyyyyx,YYYXYXYx,True,558,46,True,575,38,true,368,34,true,303,34,true,222,32,true,194,32,true,159,32,true,146,32,true,141,32,true,132,32
596,7,YYYYYYYXyyyyyyx,YYxyXYx,False,1000,,False,1000,,false,1000,,false,1000,,false,1000,,false,1000,,false,1000,,false,1000,,false,1000,,false,1000,
602,6,YYYYYYYXyyyyyyx,YYYxYXX,False,1000,,True,824,52,false,1000,,false,1000,,false,1000,,false,1000,,false,1000,,false,1000,,true,976,64,true,815,64
605,8,YYYYYYYXyyyyyyx,YYYXyxYX,False,1000,,False,1000,,false,1000,,false,1000,,false,1000,,false,1000,,false,1000,,false,1000,,false,1000,,false,1000,
606,5,YYYYYYYXyyyyyyx,YYYxxYYX,False,1000,,True,829,45,false,1000,,false,1000,,true,778,36,true,574,36,true,515,34,true,440,34,true,416,34,true,182,48
609,4,YYYYYYYXyyyyyyx,YYYxYxyX,False,1000,,True,821,45,true,617,45,true,533,45,true,398,46,true,321,44,true,304,44,true,290,44,true,299,46,true,214,46
610,8,YYYYYYYXyyyyyyx,YYYxYXyx,False,1000,,False,1000,,false,1000,,false,1000,,false,1000,,false,1000,,false,1000,,false,1000,,false,1000,,false,1000,
622,8,YYYYYYYYXyyyyyyyx,YYxyXYx,False,1000,,False,1000,,false,1000,,false,1000,,false,1000,,false,1000,,false,1000,,false,1000,,false,1000,,false,1000,
623,8,YYYYYYYYXyyyyyyyx,YYXyxYX,False,1000,,False,1000,,false,1000,,false,1000,,false,1000,,false,1000,,false,1000,,false,1000,,false,1000,,false,1000,
624,8,YYYYYYYYXyyyyyyyx,YYxYXyx,False,1000,,False,1000,,false,1000,,false,1000,,false,1000,,false,1000,,false,1000,,false,1000,,false,1000,,false,1000,
625,8,YYYYYYYYXyyyyyyyx,YYXYxyX,False,1000,,False,1000,,false,1000,,false,1000,,false,1000,,false,1000,,false,1000,,false,1000,,false,1000,,false,1000,
628,7,YYYYYYYYXyyyyyyyx,YYXyXyyx,False,1000,,True,106,36,false,1000,,false,1000,,false,1000,,false,1000,,false,1000,,false,1000,,false,1000,,false,1000,
632,6,YYYYYYYYXyyyyyyyx,YYYYXXYx,False,1000,,True,831,57,false,1000,,false,1000,,false,1000,,false,1000,,false,1000,,true,920,66,true,899,65,false,1000,
633,7,YYYYYYYYXyyyyyyyx,YYXyyxyx,False,1000,,True,107,36,false,1000,,false,1000,,false,1000,,false,1000,,false,1000,,false,1000,,false,1000,,false,1000,
634,9,YYYYYYYXyyyyyyx,YYYXyyxx,False,1000,,False,1000,,false,1000,,false,1000,,false,1000,,false,1000,,false,1000,,false,1000,,false,1000,,false,1000,
635,9,YYYYYYYXyyyyyyx,YYYXXyyx,False,1000,,False,1000,,false,1000,,false,1000,,false,1000,,false,1000,,false,1000,,false,1000,,false,1000,,true,998,67
636,9,YYYYYYYYXyyyyyyyx,YYYXYxyX,False,1000,,False,1000,,false,1000,,false,1000,,false,1000,,false,1000,,false,1000,,false,1000,,false,1000,,false,1000,
637,9,YYYYYYYYXyyyyyyyx,YYYXyxYX,False,1000,,False,1000,,false,1000,,false,1000,,false,1000,,false,1000,,false,1000,,false,1000,,false,1000,,false,1000,
638,9,YYYYYYYYXyyyyyyyx,YYYxyXYx,False,1000,,False,1000,,false,1000,,false,1000,,false,1000,,false,1000,,false,1000,,false,1000,,false,1000,,false,1000,
639,9,YYYYYYYYXyyyyyyyx,YYYxYXyx,False,1000,,False,1000,,false,1000,,false,1000,,false,1000,,false,1000,,false,1000,,false,1000,,false,1000,,false,1000,
