orbit_id,parent_class
orb_0000,sol_001
orb_0000,sol_014
orb_0000,sol_015
orb_0000,sol_016
orb_0000,sol_017
orb_0000,sol_030
orb_0000,sol_031
orb_0000,sol_032
orb_0000,sol_033
orb_0000,sol_068
orb_0000,sol_069
orb_0000,sol_072
orb_0000,sol_073
orb_0000,sol_087
orb_0001,sol_017
orb_0002,sol_002
orb_0002,sol_024
orb_0002,sol_029
orb_0002,sol_040
orb_0002,sol_045
orb_0002,sol_050
orb_0002,sol_056
orb_0002,sol_059
orb_0002,sol_060
orb_0003,sol_056
orb_0004,sol_029
orb_0005,sol_016
orb_0006,sol_060
orb_0007,sol_031
orb_0007,sol_045
orb_0007,sol_087
orb_0008,sol_014
orb_0009,sol_069
orb_0010,sol_002
orb_0010,sol_040
orb_0010,sol_059
orb_0010,sol_060
orb_0011,sol_003
orb_0011,sol_041
orb_0011,sol_046
orb_0011,sol_096
orb_0011,sol_099
orb_0011,sol_106
orb_0011,sol_112
orb_0012,sol_014
orb_0012,sol_015
orb_0012,sol_018
orb_0012,sol_019
orb_0012,sol_030
orb_0012,sol_032
orb_0012,sol_067
orb_0012,sol_072
orb_0012,sol_081
orb_0012,sol_082
orb_0012,sol_084
orb_0013,sol_014
orb_0013,sol_015
orb_0013,sol_019
orb_0013,sol_031
orb_0013,sol_033
orb_0013,sol_067
orb_0013,sol_071
orb_0013,sol_073
orb_0013,sol_082
orb_0013,sol_085
orb_0013,sol_087
orb_0014,sol_046
orb_0015,sol_040
orb_0016,sol_112
orb_0017,sol_016
orb_0017,sol_024
orb_0018,sol_069
orb_0018,sol_099
orb_0019,sol_068
orb_0020,sol_014
orb_0020,sol_019
orb_0020,sol_082
orb_0021,sol_016
orb_0021,sol_032
orb_0021,sol_068
orb_0022,sol_017
orb_0022,sol_033
orb_0022,sol_069
orb_0023,sol_018
orb_0023,sol_019
orb_0023,sol_030
orb_0023,sol_034
orb_0023,sol_035
orb_0023,sol_070
orb_0023,sol_074
orb_0023,sol_076
orb_0023,sol_077
orb_0023,sol_080
orb_0023,sol_081
orb_0023,sol_088
orb_0023,sol_089
orb_0024,sol_000
orb_0024,sol_014
orb_0024,sol_018
orb_0024,sol_019
orb_0024,sol_028
orb_0024,sol_035
orb_0024,sol_067
orb_0024,sol_071
orb_0024,sol_075
orb_0024,sol_076
orb_0024,sol_077
orb_0024,sol_081
orb_0024,sol_082
orb_0024,sol_083
orb_0025,sol_067
orb_0026,sol_060
orb_0027,sol_003
orb_0027,sol_106
orb_0027,sol_112
orb_0028,sol_004
orb_0028,sol_097
orb_0028,sol_100
orb_0029,sol_000
orb_0029,sol_008
orb_0029,sol_028
orb_0029,sol_042
orb_0029,sol_057
orb_0029,sol_058
orb_0029,sol_062
orb_0029,sol_067
orb_0030,sol_018
orb_0030,sol_030
orb_0030,sol_070
orb_0031,sol_031
orb_0031,sol_071
orb_0031,sol_087
orb_0032,sol_032
orb_0032,sol_068
orb_0032,sol_072
orb_0032,sol_084
orb_0033,sol_033
orb_0033,sol_073
orb_0033,sol_085
orb_0034,sol_034
orb_0034,sol_035
orb_0034,sol_070
orb_0034,sol_078
orb_0034,sol_079
orb_0034,sol_080
orb_0034,sol_086
orb_0035,sol_018
orb_0035,sol_034
orb_0035,sol_035
orb_0035,sol_079
orb_0035,sol_083
orb_0035,sol_088
orb_0036,sol_018
orb_0036,sol_076
orb_0036,sol_088
orb_0036,sol_089
orb_0037,sol_000
orb_0037,sol_008
orb_0037,sol_019
orb_0037,sol_020
orb_0037,sol_028
orb_0037,sol_047
orb_0037,sol_058
orb_0037,sol_067
orb_0037,sol_077
orb_0038,sol_081
orb_0039,sol_112
orb_0040,sol_100
orb_0041,sol_096
orb_0042,sol_059
orb_0043,sol_030
orb_0043,sol_041
orb_0044,sol_050
orb_0045,sol_084
orb_0046,sol_029
orb_0047,sol_008
orb_0047,sol_028
orb_0047,sol_067
orb_0048,sol_008
orb_0048,sol_062
orb_0049,sol_000
orb_0049,sol_008
orb_0049,sol_067
orb_0050,sol_008
orb_0050,sol_058
orb_0051,sol_032
orb_0051,sol_068
orb_0052,sol_069
orb_0053,sol_034
orb_0053,sol_070
orb_0053,sol_074
orb_0053,sol_086
orb_0054,sol_071
orb_0054,sol_075
orb_0054,sol_085
orb_0054,sol_087
orb_0055,sol_072
orb_0056,sol_073
orb_0057,sol_070
orb_0057,sol_074
orb_0058,sol_071
orb_0058,sol_075
orb_0059,sol_076
orb_0059,sol_089
orb_0060,sol_000
orb_0060,sol_020
orb_0060,sol_077
orb_0061,sol_078
orb_0061,sol_079
orb_0062,sol_034
orb_0062,sol_078
orb_0062,sol_079
orb_0063,sol_034
orb_0063,sol_080
orb_0064,sol_021
orb_0064,sol_075
orb_0064,sol_081
orb_0065,sol_082
orb_0066,sol_035
orb_0066,sol_074
orb_0066,sol_083
orb_0067,sol_084
orb_0068,sol_085
orb_0069,sol_086
orb_0070,sol_087
orb_0071,sol_088
orb_0071,sol_089
orb_0072,sol_078
orb_0072,sol_090
orb_0073,sol_009
orb_0073,sol_079
orb_0073,sol_086
orb_0073,sol_091
orb_0073,sol_111
orb_0074,aca_115
orb_0075,sol_018
orb_0075,sol_089
orb_0076,sol_076
orb_0077,sol_024
orb_0078,sol_000
orb_0078,sol_020
orb_0078,sol_028
orb_0078,sol_047
orb_0078,sol_061
orb_0078,sol_077
orb_0079,sol_020
orb_0079,sol_047
orb_0080,sol_024
orb_0080,sol_056
orb_0080,sol_063
orb_0081,sol_081
orb_0082,sol_076
orb_0082,sol_089
orb_0083,sol_000
orb_0083,sol_008
orb_0083,sol_019
orb_0083,sol_020
orb_0083,sol_028
orb_0083,sol_062
orb_0084,sol_029
orb_0084,sol_050
orb_0084,sol_064
orb_0085,sol_028
orb_0085,sol_082
orb_0086,sol_026
orb_0086,sol_055
orb_0087,sol_003
orb_0087,sol_096
orb_0088,sol_004
orb_0089,sol_005
orb_0090,sol_059
orb_0091,sol_064
orb_0092,sol_029
orb_0092,sol_050
orb_0092,sol_064
orb_0093,aca_115
orb_0094,sol_070
orb_0095,sol_072
orb_0096,sol_078
orb_0097,sol_074
orb_0097,sol_086
orb_0098,sol_075
orb_0098,sol_087
orb_0099,sol_090
orb_0100,sol_091
orb_0101,sol_045
orb_0101,sol_056
orb_0102,sol_078
orb_0103,sol_076
orb_0104,sol_077
orb_0105,sol_082
orb_0106,sol_083
orb_0107,sol_081
orb_0108,sol_080
orb_0109,sol_090
orb_0110,sol_091
orb_0111,sol_090
orb_0112,sol_091
orb_0113,sol_091
orb_0114,sol_090
orb_0115,sol_090
orb_0116,sol_009
orb_0116,sol_023
orb_0116,sol_038
orb_0116,sol_091
orb_0116,sol_101
orb_0116,sol_111
orb_0117,sol_040
orb_0117,sol_045
orb_0118,sol_042
orb_0118,sol_057
orb_0118,sol_062
orb_0118,sol_065
orb_0119,sol_038
orb_0120,sol_041
orb_0121,sol_088
orb_0121,sol_089
orb_0122,sol_040
orb_0122,sol_045
orb_0123,sol_020
orb_0123,sol_047
orb_0123,sol_061
orb_0123,sol_066
orb_0124,sol_046
orb_0125,sol_029
orb_0125,sol_050
orb_0125,sol_064
orb_0126,sol_024
orb_0126,sol_056
orb_0127,sol_026
orb_0128,aca_116
orb_0129,aca_117
orb_0130,sol_068
orb_0130,sol_097
orb_0131,sol_059
orb_0131,sol_106
orb_0132,sol_106
orb_0133,sol_042
orb_0133,sol_057
orb_0133,sol_058
orb_0134,sol_008
orb_0134,sol_057
orb_0134,sol_058
orb_0135,sol_059
orb_0136,sol_060
orb_0137,sol_047
orb_0137,sol_061
orb_0138,sol_008
orb_0138,sol_042
orb_0138,sol_062
orb_0139,aca_10
orb_0140,aca_12
orb_0141,sol_063
orb_0142,sol_050
orb_0142,sol_064
orb_0143,aca_9
orb_0144,aca_11
orb_0145,sol_065
orb_0146,sol_066
orb_0147,sol_066
orb_0148,sol_077
orb_0149,sol_021
orb_0149,sol_026
orb_0149,sol_081
orb_0150,sol_009
orb_0150,sol_023
orb_0151,sol_020
orb_0152,sol_027
orb_0153,aca_14
orb_0154,sol_088
orb_0155,sol_083
orb_0156,sol_080
orb_0157,sol_009
orb_0157,sol_038
orb_0158,sol_010
orb_0159,sol_097
orb_0160,aca_118
orb_0161,sol_088
orb_0162,sol_022
orb_0163,aca_8
orb_0164,sol_094
orb_0165,sol_100
orb_0166,sol_080
orb_0167,sol_042
orb_0167,sol_065
orb_0168,sol_038
orb_0168,sol_101
orb_0169,sol_047
orb_0169,sol_066
orb_0170,aca_8
orb_0171,sol_077
orb_0172,sol_023
orb_0173,sol_021
orb_0173,sol_026
orb_0173,sol_055
orb_0174,sol_023
orb_0175,sol_021
orb_0176,sol_009
orb_0176,sol_023
orb_0176,sol_111
orb_0177,sol_077
orb_0178,sol_081
orb_0179,sol_021
orb_0179,sol_026
orb_0179,sol_048
orb_0179,sol_055
orb_0180,sol_076
orb_0181,sol_082
orb_0182,sol_076
orb_0183,sol_024
orb_0184,sol_027
orb_0185,sol_083
orb_0186,sol_075
orb_0187,aca_1
orb_0188,sol_054
orb_0188,sol_110
orb_0189,sol_005
orb_0190,sol_006
orb_0191,sol_061
orb_0192,aca_120
orb_0193,sol_061
orb_0194,sol_020
orb_0195,sol_063
orb_0196,sol_064
orb_0197,sol_024
orb_0197,sol_063
orb_0198,aca_12
orb_0199,sol_061
orb_0200,aca_9
orb_0201,aca_11
orb_0202,aca_9
orb_0203,aca_121
orb_0204,sol_026
orb_0204,sol_048
orb_0205,sol_025
orb_0206,aca_2
orb_0207,sol_110
orb_0208,sol_021
orb_0208,sol_055
orb_0209,sol_010
orb_0209,sol_039
orb_0209,sol_094
orb_0210,aca_13
orb_0211,aca_119
orb_0212,aca_8
orb_0213,sol_009
orb_0213,sol_038
orb_0213,sol_101
orb_0213,sol_111
orb_0214,sol_041
orb_0215,sol_046
orb_0216,sol_063
orb_0217,sol_063
orb_0218,aca_13
orb_0219,sol_026
orb_0219,sol_048
orb_0219,sol_055
orb_0220,sol_021
orb_0220,sol_026
orb_0220,sol_048
orb_0220,sol_055
orb_0221,aca_7
orb_0222,aca_17
orb_0223,aca_116
orb_0224,aca_116
orb_0225,aca_116
orb_0226,aca_116
orb_0227,sol_010
orb_0227,sol_039
orb_0228,sol_036
orb_0229,sol_037
orb_0230,sol_043
orb_0231,sol_044
orb_0232,sol_065
orb_0233,aca_29
orb_0234,aca_33
orb_0235,aca_20
orb_0236,aca_18
orb_0237,sol_065
orb_0238,aca_11
orb_0239,sol_040
orb_0240,aca_116
orb_0241,aca_117
orb_0242,sol_042
orb_0243,aca_10
orb_0244,aca_116
orb_0245,aca_117
orb_0246,aca_11
orb_0247,aca_117
orb_0248,aca_116
orb_0249,aca_116
orb_0250,aca_117
orb_0251,aca_30
orb_0252,sol_066
orb_0253,aca_118
orb_0254,aca_28
orb_0255,aca_26
orb_0256,sol_022
orb_0256,sol_027
orb_0257,aca_12
orb_0258,sol_062
orb_0259,aca_25
orb_0260,aca_21
orb_0261,sol_028
orb_0262,aca_9
orb_0263,aca_32
orb_0264,aca_32
orb_0265,aca_23
orb_0266,aca_22
orb_0267,sol_099
orb_0268,sol_020
orb_0269,aca_13
orb_0270,sol_042
orb_0271,aca_31
orb_0272,aca_27
orb_0273,aca_15
orb_0274,aca_1
orb_0275,sol_073
orb_0276,sol_010
orb_0276,sol_094
orb_0277,sol_011
orb_0278,aca_3
orb_0279,sol_072
orb_0280,aca_19
orb_0281,sol_096
orb_0282,sol_094
orb_0283,sol_099
orb_0284,sol_038
orb_0284,sol_101
orb_0285,sol_096
orb_0286,sol_101
orb_0287,sol_074
orb_0288,sol_090
orb_0289,aca_24
orb_0290,aca_9
orb_0291,sol_078
orb_0292,aca_24
orb_0293,aca_9
orb_0294,sol_039
orb_0295,sol_106
orb_0295,sol_112
orb_0296,sol_043
orb_0297,aca_29
orb_0298,sol_009
orb_0298,sol_023
orb_0298,sol_038
orb_0298,sol_091
orb_0298,sol_111
orb_0299,sol_106
orb_0299,sol_112
orb_0300,aca_16
orb_0301,sol_079
orb_0302,sol_108
orb_0303,aca_13
orb_0304,aca_13
orb_0305,sol_041
orb_0305,sol_099
orb_0306,sol_022
orb_0307,sol_022
orb_0307,sol_027
orb_0308,sol_022
orb_0308,sol_027
orb_0309,aca_12
orb_0310,aca_30
orb_0311,aca_12
orb_0312,sol_025
orb_0313,aca_30
orb_0314,aca_30
orb_0315,aca_31
orb_0316,aca_8
orb_0317,sol_053
orb_0318,sol_004
orb_0319,sol_006
orb_0320,sol_007
orb_0321,sol_061
orb_0322,aca_34
orb_0323,sol_057
orb_0324,sol_065
orb_0325,sol_066
orb_0326,sol_063
orb_0327,aca_9
orb_0328,aca_10
orb_0329,aca_10
orb_0330,aca_12
orb_0331,aca_11
orb_0332,aca_9
orb_0333,sol_066
orb_0334,sol_065
orb_0335,aca_122
orb_0336,sol_046
orb_0337,sol_049
orb_0338,sol_099
orb_0339,sol_054
orb_0339,sol_110
orb_0340,sol_011
orb_0340,sol_095
orb_0341,aca_53
orb_0342,aca_0
orb_0343,aca_3
orb_0344,sol_023
orb_0345,sol_099
orb_0346,sol_096
orb_0347,sol_021
orb_0348,sol_010
orb_0348,sol_039
orb_0349,sol_039
orb_0350,sol_046
orb_0351,sol_104
orb_0352,aca_35
orb_0353,aca_33
orb_0354,aca_4
orb_0355,sol_041
orb_0356,aca_32
orb_0357,sol_097
orb_0358,sol_100
orb_0359,sol_058
orb_0360,sol_049
orb_0360,sol_054
orb_0360,sol_110
orb_0361,sol_049
orb_0361,sol_054
orb_0361,sol_104
orb_0361,sol_110
orb_0362,sol_046
orb_0363,aca_31
orb_0364,aca_31
orb_0365,aca_7
orb_0366,sol_107
orb_0367,sol_058
orb_0368,sol_057
orb_0369,aca_36
orb_0370,aca_24
orb_0371,sol_089
orb_0372,sol_000
orb_0373,sol_057
orb_0374,sol_008
orb_0375,sol_047
orb_0376,aca_13
orb_0377,sol_025
orb_0377,sol_093
orb_0378,sol_011
orb_0378,sol_095
orb_0379,sol_092
orb_0380,sol_098
orb_0381,aca_14
orb_0382,aca_118
orb_0383,sol_048
orb_0384,sol_101
orb_0385,sol_048
orb_0386,aca_20
orb_0387,sol_086
orb_0388,aca_39
orb_0389,aca_120
orb_0390,aca_120
orb_0391,aca_120
orb_0392,aca_120
orb_0393,sol_088
orb_0394,sol_036
orb_0394,sol_043
orb_0395,aca_55
orb_0396,aca_44
orb_0397,aca_33
orb_0398,aca_35
orb_0399,sol_087
orb_0400,aca_4
orb_0401,aca_20
orb_0402,aca_42
orb_0403,aca_40
orb_0404,aca_18
orb_0405,aca_48
orb_0406,aca_12
orb_0407,aca_12
orb_0408,aca_121
orb_0409,aca_121
orb_0410,aca_121
orb_0411,aca_121
orb_0412,aca_119
orb_0413,aca_51
orb_0414,sol_070
orb_0414,sol_074
orb_0415,aca_43
orb_0416,aca_25
orb_0417,aca_50
orb_0418,aca_47
orb_0419,aca_21
orb_0420,aca_9
orb_0421,aca_23
orb_0422,aca_46
orb_0423,aca_49
orb_0424,aca_22
orb_0425,aca_45
orb_0426,aca_52
orb_0427,sol_071
orb_0427,sol_075
orb_0428,sol_083
orb_0429,sol_011
orb_0430,sol_012
orb_0431,sol_062
orb_0432,aca_53
orb_0433,aca_0
orb_0434,sol_074
orb_0435,sol_075
orb_0436,sol_083
orb_0437,sol_080
orb_0438,aca_19
orb_0439,aca_19
orb_0440,aca_41
orb_0441,aca_31
orb_0442,aca_3
orb_0443,sol_080
orb_0444,sol_010
orb_0444,sol_094
orb_0445,sol_097
orb_0446,sol_093
orb_0447,sol_095
orb_0448,sol_095
orb_0449,sol_093
orb_0450,sol_100
orb_0451,sol_096
orb_0452,sol_105
orb_0453,aca_32
orb_0454,aca_54
orb_0455,aca_37
orb_0456,aca_5
orb_0457,sol_036
orb_0458,sol_054
orb_0458,sol_104
orb_0458,sol_110
orb_0459,aca_11
orb_0460,aca_1
orb_0461,sol_044
orb_0462,sol_049
orb_0462,sol_054
orb_0462,sol_104
orb_0462,sol_110
orb_0463,aca_56
orb_0464,aca_57
orb_0465,aca_44
orb_0466,aca_44
orb_0467,aca_38
orb_0468,sol_107
orb_0469,sol_109
orb_0470,sol_093
orb_0471,sol_101
orb_0472,sol_027
orb_0473,aca_22
orb_0474,aca_23
orb_0475,aca_22
orb_0476,aca_23
orb_0477,aca_32
orb_0478,sol_025
orb_0478,sol_093
orb_0479,aca_25
orb_0480,aca_21
orb_0481,sol_041
orb_0482,aca_25
orb_0483,aca_21
orb_0484,aca_14
orb_0485,aca_54
orb_0486,sol_052
orb_0487,aca_6
orb_0488,sol_086
orb_0489,sol_006
orb_0490,sol_007
orb_0491,sol_021
orb_0492,sol_023
orb_0493,aca_23
orb_0494,aca_25
orb_0495,sol_106
orb_0496,aca_22
orb_0497,aca_21
orb_0498,aca_18
orb_0499,aca_19
orb_0500,aca_19
orb_0501,aca_20
orb_0502,aca_58
orb_0503,aca_71
orb_0504,aca_60
orb_0505,aca_123
orb_0506,aca_72
orb_0507,aca_59
orb_0508,aca_61
orb_0509,sol_053
orb_0510,sol_012
orb_0511,aca_116
orb_0512,sol_084
orb_0513,sol_085
orb_0514,aca_117
orb_0515,aca_117
orb_0516,aca_116
orb_0517,sol_094
orb_0518,sol_027
orb_0519,sol_022
orb_0519,sol_027
orb_0520,sol_023
orb_0521,sol_036
orb_0521,sol_043
orb_0522,aca_5
orb_0523,sol_036
orb_0523,sol_043
orb_0524,sol_104
orb_0525,aca_29
orb_0526,sol_094
orb_0527,aca_118
orb_0528,sol_100
orb_0529,sol_111
orb_0530,sol_053
orb_0530,sol_105
orb_0531,sol_012
orb_0532,aca_31
orb_0533,aca_3
orb_0534,aca_119
orb_0535,aca_2
orb_0536,aca_80
orb_0537,sol_038
orb_0538,aca_120
orb_0539,aca_121
orb_0540,sol_041
orb_0541,aca_15
orb_0542,aca_26
orb_0543,aca_28
orb_0544,aca_27
orb_0545,aca_120
orb_0546,aca_121
orb_0547,aca_18
orb_0548,aca_121
orb_0549,aca_120
orb_0550,aca_17
orb_0551,aca_120
orb_0552,aca_121
orb_0553,aca_62
orb_0554,aca_34
orb_0555,aca_34
orb_0556,aca_34
orb_0557,aca_34
orb_0558,sol_037
orb_0558,sol_044
orb_0559,aca_35
orb_0560,aca_38
orb_0561,aca_4
orb_0562,aca_42
orb_0563,aca_65
orb_0564,aca_63
orb_0565,aca_40
orb_0566,aca_75
orb_0567,aca_76
orb_0568,aca_10
orb_0569,aca_11
orb_0570,aca_122
orb_0571,aca_122
orb_0572,aca_122
orb_0573,aca_122
orb_0574,aca_8
orb_0575,aca_8
orb_0576,sol_038
orb_0577,aca_37
orb_0578,aca_95
orb_0579,aca_50
orb_0580,aca_73
orb_0581,aca_69
orb_0582,aca_47
orb_0583,aca_46
orb_0584,aca_68
orb_0585,aca_70
orb_0586,aca_49
orb_0587,aca_77
orb_0588,aca_78
orb_0589,aca_74
orb_0590,sol_012
orb_0591,sol_013
orb_0592,aca_16
orb_0593,aca_59
orb_0594,aca_79
orb_0595,aca_79
orb_0596,aca_41
orb_0597,aca_41
orb_0598,aca_64
orb_0599,sol_039
orb_0600,aca_6
orb_0601,aca_79
orb_0602,sol_025
orb_0602,sol_093
orb_0603,sol_011
orb_0603,sol_095
orb_0604,aca_7
orb_0605,sol_098
orb_0606,sol_010
orb_0606,sol_039
orb_0606,sol_094
orb_0607,aca_37
orb_0608,aca_43
orb_0609,aca_66
orb_0610,aca_37
orb_0611,sol_037
orb_0612,sol_102
orb_0612,sol_108
orb_0613,sol_053
orb_0613,sol_105
orb_0614,sol_102
orb_0614,sol_108
orb_0615,sol_022
orb_0616,aca_44
orb_0617,aca_38
orb_0618,aca_67
orb_0619,aca_38
orb_0620,aca_56
orb_0621,aca_57
orb_0622,aca_56
orb_0623,aca_57
orb_0624,aca_55
orb_0625,aca_79
orb_0626,sol_092
orb_0627,sol_095
orb_0628,sol_098
orb_0629,sol_101
orb_0630,aca_36
orb_0631,sol_025
orb_0632,aca_49
orb_0633,aca_46
orb_0634,aca_49
orb_0635,aca_46
orb_0636,aca_32
orb_0637,sol_111
orb_0638,aca_50
orb_0639,aca_47
orb_0640,aca_118
orb_0641,aca_50
orb_0642,aca_47
orb_0643,aca_12
orb_0644,aca_14
orb_0645,aca_78
orb_0646,aca_2
orb_0647,aca_78
orb_0648,aca_78
orb_0649,aca_43
orb_0650,sol_051
orb_0651,sol_038
orb_0652,aca_10
orb_0653,aca_56
orb_0654,sol_005
orb_0655,sol_096
orb_0656,aca_17
orb_0657,aca_20
orb_0658,aca_21
orb_0659,aca_27
orb_0660,aca_22
orb_0661,aca_28
orb_0662,aca_26
orb_0663,aca_26
orb_0664,aca_15
orb_0665,aca_25
orb_0666,aca_28
orb_0667,aca_17
orb_0668,aca_15
orb_0669,aca_27
orb_0670,aca_23
orb_0671,aca_18
orb_0672,aca_81
orb_0673,aca_67
orb_0674,aca_100
orb_0675,aca_75
orb_0676,aca_84
orb_0677,aca_85
orb_0678,sol_100
orb_0679,aca_66
orb_0680,aca_99
orb_0681,aca_83
orb_0682,sol_052
orb_0683,sol_013
orb_0684,aca_120
orb_0685,sol_112
orb_0686,sol_009
orb_0687,aca_121
orb_0688,sol_022
orb_0689,sol_104
orb_0690,sol_011
orb_0691,sol_053
orb_0692,sol_025
orb_0693,sol_100
orb_0694,sol_097
orb_0695,aca_80
orb_0696,sol_097
orb_0697,sol_037
orb_0697,sol_044
orb_0698,aca_55
orb_0699,aca_5
orb_0700,sol_108
orb_0701,sol_037
orb_0701,sol_044
orb_0702,aca_33
orb_0703,sol_102
orb_0703,sol_108
orb_0704,aca_80
orb_0705,sol_090
orb_0706,aca_9
orb_0707,sol_091
orb_0708,sol_052
orb_0709,aca_43
orb_0710,aca_43
orb_0711,sol_101
orb_0712,sol_009
orb_0713,aca_86
orb_0714,aca_82
orb_0715,sol_013
orb_0716,aca_0
orb_0717,aca_6
orb_0718,sol_049
orb_0719,sol_049
orb_0720,aca_42
orb_0721,aca_32
orb_0722,sol_092
orb_0722,sol_098
orb_0723,aca_22
orb_0724,aca_21
orb_0725,aca_17
orb_0726,aca_94
orb_0727,aca_58
orb_0728,aca_58
orb_0729,aca_58
orb_0730,aca_58
orb_0731,aca_90
orb_0732,aca_88
orb_0733,aca_65
orb_0734,aca_91
orb_0735,aca_93
orb_0736,aca_63
orb_0737,aca_84
orb_0738,aca_123
orb_0739,aca_123
orb_0740,aca_123
orb_0741,aca_123
orb_0742,aca_0
orb_0743,aca_87
orb_0744,aca_73
orb_0745,aca_96
orb_0746,aca_69
orb_0747,aca_68
orb_0748,aca_89
orb_0749,aca_70
orb_0750,aca_83
orb_0751,sol_013
orb_0752,aca_64
orb_0753,aca_64
orb_0754,aca_92
orb_0755,sol_092
orb_0756,sol_043
orb_0757,sol_105
orb_0758,aca_32
orb_0759,sol_053
orb_0759,sol_105
orb_0760,sol_036
orb_0760,sol_043
orb_0761,aca_10
orb_0762,aca_72
orb_0763,aca_66
orb_0764,aca_87
orb_0765,aca_66
orb_0766,sol_103
orb_0766,sol_109
orb_0767,sol_107
orb_0768,sol_103
orb_0768,sol_109
orb_0769,aca_95
orb_0770,aca_95
orb_0771,aca_88
orb_0772,aca_88
orb_0773,aca_71
orb_0774,aca_67
orb_0775,aca_90
orb_0776,aca_67
orb_0777,aca_70
orb_0778,aca_68
orb_0779,aca_70
orb_0780,aca_68
orb_0781,sol_102
orb_0782,sol_039
orb_0783,aca_78
orb_0784,aca_53
orb_0785,aca_73
orb_0786,aca_69
orb_0787,sol_097
orb_0788,aca_73
orb_0789,aca_69
orb_0790,aca_53
orb_0791,aca_2
orb_0792,sol_108
orb_0793,aca_6
orb_0794,sol_106
orb_0795,aca_8
orb_0796,aca_28
orb_0797,aca_26
orb_0798,aca_15
orb_0799,aca_27
orb_0800,aca_56
orb_0801,sol_104
orb_0802,sol_022
orb_0803,aca_46
orb_0804,aca_50
orb_0805,aca_38
orb_0806,aca_37
orb_0807,aca_49
orb_0808,aca_47
orb_0809,aca_40
orb_0810,aca_41
orb_0811,aca_38
orb_0812,aca_37
orb_0813,aca_41
orb_0814,aca_42
orb_0815,aca_25
orb_0816,aca_23
orb_0817,aca_97
orb_0818,aca_106
orb_0819,aca_98
orb_0820,aca_105
orb_0821,aca_15
orb_0822,aca_120
orb_0823,aca_121
orb_0824,sol_051
orb_0825,aca_120
orb_0826,aca_121
orb_0827,aca_34
orb_0828,aca_18
orb_0829,aca_26
orb_0830,sol_023
orb_0831,aca_12
orb_0832,aca_10
orb_0833,aca_11
orb_0834,aca_122
orb_0835,sol_095
orb_0836,sol_093
orb_0837,sol_012
orb_0838,sol_107
orb_0839,sol_052
orb_0840,aca_54
orb_0841,aca_80
orb_0842,sol_025
orb_0842,sol_093
orb_0843,aca_33
orb_0844,aca_59
orb_0845,sol_103
orb_0846,aca_45
orb_0847,sol_065
orb_0848,sol_066
orb_0849,sol_109
orb_0850,sol_051
orb_0851,sol_107
orb_0852,aca_48
orb_0853,sol_094
orb_0854,aca_79
orb_0855,aca_34
orb_0856,aca_122
orb_0857,sol_039
orb_0858,aca_51
orb_0859,aca_52
orb_0860,aca_34
orb_0861,aca_122
orb_0862,aca_40
orb_0863,aca_122
orb_0864,aca_34
orb_0865,aca_39
orb_0866,aca_34
orb_0867,aca_122
orb_0868,aca_19
orb_0869,aca_21
orb_0870,aca_22
orb_0871,aca_25
orb_0872,aca_19
orb_0873,aca_23
orb_0874,aca_101
orb_0875,aca_81
orb_0876,aca_81
orb_0877,aca_81
orb_0878,aca_81
orb_0879,aca_1
orb_0880,aca_91
orb_0881,aca_104
orb_0882,aca_102
orb_0883,aca_93
orb_0884,aca_85
orb_0885,aca_85
orb_0886,aca_85
orb_0887,aca_85
orb_0888,aca_27
orb_0889,aca_15
orb_0890,sol_094
orb_0891,aca_0
orb_0892,aca_0
orb_0893,aca_113
orb_0894,aca_110
orb_0895,aca_96
orb_0896,aca_112
orb_0897,aca_109
orb_0898,aca_118
orb_0899,aca_89
orb_0900,aca_108
orb_0901,aca_111
orb_0902,aca_24
orb_0903,aca_16
orb_0904,aca_114
orb_0905,aca_107
orb_0906,aca_15
orb_0907,aca_26
orb_0908,aca_18
orb_0909,aca_72
orb_0910,sol_111
orb_0911,aca_92
orb_0912,aca_92
orb_0913,aca_103
orb_0914,sol_012
orb_0915,sol_036
orb_0916,sol_052
orb_0917,aca_54
orb_0918,sol_093
orb_0919,sol_011
orb_0919,sol_095
orb_0920,sol_092
orb_0920,sol_098
orb_0921,sol_107
orb_0922,sol_092
orb_0922,sol_098
orb_0923,aca_87
orb_0924,aca_95
orb_0925,aca_99
orb_0926,aca_105
orb_0927,aca_87
orb_0928,aca_37
orb_0929,aca_95
orb_0930,aca_13
orb_0931,aca_88
orb_0932,aca_100
orb_0933,aca_90
orb_0934,aca_100
orb_0935,aca_106
orb_0936,aca_90
orb_0937,aca_57
orb_0938,aca_57
orb_0939,sol_044
orb_0940,aca_89
orb_0941,aca_89
orb_0942,aca_38
orb_0943,aca_96
orb_0944,aca_119
orb_0945,aca_96
orb_0946,aca_72
orb_0947,aca_51
orb_0948,aca_52
orb_0949,aca_8
orb_0950,sol_006
orb_0951,sol_094
orb_0952,aca_39
orb_0953,aca_42
orb_0954,sol_097
orb_0955,aca_47
orb_0956,aca_52
orb_0957,aca_49
orb_0958,aca_51
orb_0959,aca_37
orb_0960,aca_38
orb_0961,aca_50
orb_0962,aca_51
orb_0963,aca_39
orb_0964,aca_52
orb_0965,aca_46
orb_0966,aca_40
orb_0967,aca_37
orb_0968,aca_38
orb_0969,aca_32
orb_0970,aca_58
orb_0971,sol_010
orb_0972,aca_123
orb_0973,sol_105
orb_0974,sol_102
orb_0975,sol_109
orb_0976,sol_103
orb_0976,sol_109
orb_0977,aca_80
orb_0978,sol_107
orb_0979,sol_102
orb_0980,sol_108
orb_0981,sol_010
orb_0982,aca_56
orb_0983,aca_57
orb_0984,aca_23
orb_0985,sol_026
orb_0986,aca_25
orb_0987,sol_021
orb_0988,aca_65
orb_0989,aca_39
orb_0990,aca_26
orb_0991,aca_20
orb_0992,aca_18
orb_0993,aca_27
orb_0994,aca_28
orb_0995,aca_15
orb_0996,aca_97
orb_0997,aca_97
orb_0998,aca_97
orb_0999,aca_97
orb_1000,aca_48
orb_1001,aca_104
orb_1002,aca_102
orb_1003,aca_98
orb_1004,aca_98
orb_1005,aca_98
orb_1006,aca_98
orb_1007,aca_26
orb_1008,aca_28
orb_1009,aca_44
orb_1010,aca_52
orb_1011,aca_112
orb_1012,aca_109
orb_1013,aca_45
orb_1014,aca_108
orb_1015,aca_111
orb_1016,aca_23
orb_1017,aca_25
orb_1018,aca_103
orb_1019,aca_103
orb_1020,sol_013
orb_1021,sol_044
orb_1022,sol_037
orb_1022,sol_044
orb_1023,aca_43
orb_1024,sol_051
orb_1025,sol_052
orb_1026,aca_7
orb_1027,aca_45
orb_1028,aca_75
orb_1029,aca_76
orb_1030,aca_99
orb_1031,aca_105
orb_1032,aca_105
orb_1033,aca_99
orb_1034,sol_098
orb_1035,sol_037
orb_1036,aca_100
orb_1037,aca_106
orb_1038,aca_106
orb_1039,aca_111
orb_1040,aca_108
orb_1041,aca_111
orb_1042,aca_108
orb_1043,aca_112
orb_1044,aca_109
orb_1045,aca_112
orb_1046,aca_109
orb_1047,aca_3
orb_1048,sol_036
orb_1049,aca_77
orb_1050,aca_74
orb_1051,sol_095
orb_1052,sol_102
orb_1053,aca_68
orb_1054,aca_73
orb_1055,sol_105
orb_1056,aca_66
orb_1057,aca_70
orb_1058,aca_69
orb_1059,aca_67
orb_1060,aca_63
orb_1061,aca_64
orb_1062,aca_66
orb_1063,aca_64
orb_1064,aca_67
orb_1065,aca_65
orb_1066,aca_49
orb_1067,aca_47
orb_1068,aca_55
orb_1069,aca_34
orb_1070,aca_122
orb_1071,aca_40
orb_1072,aca_122
orb_1073,aca_34
orb_1074,aca_81
orb_1075,aca_40
orb_1076,sol_022
orb_1077,aca_85
orb_1078,aca_17
orb_1079,aca_27
orb_1080,aca_20
orb_1081,aca_28
orb_1082,aca_21
orb_1083,aca_22
orb_1084,aca_19
orb_1085,sol_013
orb_1086,sol_051
orb_1087,aca_37
orb_1088,aca_38
orb_1089,aca_14
orb_1090,aca_66
orb_1091,aca_67
orb_1092,sol_036
orb_1093,aca_58
orb_1094,aca_123
orb_1095,aca_74
orb_1096,aca_58
orb_1097,aca_123
orb_1098,aca_63
orb_1099,aca_123
orb_1100,aca_58
orb_1101,aca_62
orb_1102,aca_58
orb_1103,aca_123
orb_1104,aca_6
orb_1105,aca_50
orb_1106,aca_46
orb_1107,aca_11
orb_1108,aca_51
orb_1109,aca_74
orb_1110,aca_119
orb_1111,aca_3
orb_1112,aca_27
orb_1113,aca_17
orb_1114,aca_28
orb_1115,aca_21
orb_1116,aca_22
orb_1117,aca_20
orb_1118,aca_19
orb_1119,aca_6
orb_1120,aca_48
orb_1121,sol_037
orb_1122,sol_012
orb_1123,aca_10
orb_1124,sol_037
orb_1125,aca_48
orb_1126,aca_20
orb_1127,aca_18
orb_1128,sol_103
orb_1129,sol_109
orb_1130,aca_75
orb_1131,aca_77
orb_1132,aca_76
orb_1133,sol_007
orb_1134,sol_093
orb_1135,aca_62
orb_1136,aca_65
orb_1137,aca_66
orb_1138,aca_67
orb_1139,sol_095
orb_1140,aca_69
orb_1141,aca_74
orb_1142,aca_70
orb_1143,aca_73
orb_1144,aca_62
orb_1145,aca_74
orb_1146,aca_68
orb_1147,aca_63
orb_1148,aca_67
orb_1149,aca_66
orb_1150,aca_97
orb_1151,aca_16
orb_1152,sol_027
orb_1153,sol_011
orb_1154,aca_46
orb_1155,aca_50
orb_1156,aca_98
orb_1157,sol_055
orb_1158,sol_048
orb_1159,sol_103
orb_1160,sol_098
orb_1161,sol_092
orb_1161,sol_098
orb_1162,sol_043
orb_1163,sol_011
orb_1164,aca_66
orb_1165,aca_80
orb_1166,aca_67
orb_1167,aca_91
orb_1168,aca_62
orb_1169,aca_31
orb_1170,aca_3
orb_1171,aca_41
orb_1172,aca_47
orb_1173,aca_49
orb_1174,aca_50
orb_1175,aca_41
orb_1176,aca_46
orb_1177,aca_75
orb_1178,aca_60
orb_1179,aca_88
orb_1180,aca_61
orb_1181,sol_092
orb_1182,sol_051
orb_1183,aca_61
orb_1184,aca_0
orb_1185,aca_21
orb_1186,aca_25
orb_1187,aca_72
orb_1188,sol_109
orb_1189,aca_113
orb_1190,aca_110
orb_1191,aca_107
orb_1192,aca_114
orb_1193,aca_87
orb_1194,aca_90
orb_1195,aca_89
orb_1196,aca_96
orb_1197,sol_103
orb_1198,aca_90
orb_1199,aca_87
orb_1200,aca_93
orb_1201,aca_92
orb_1202,aca_90
orb_1203,aca_87
orb_1204,aca_92
orb_1205,aca_91
orb_1206,aca_58
orb_1207,aca_123
orb_1208,aca_58
orb_1209,aca_123
orb_1210,aca_39
orb_1211,aca_52
orb_1212,aca_46
orb_1213,aca_50
orb_1214,aca_60
orb_1215,aca_63
orb_1216,aca_42
orb_1217,aca_38
orb_1218,aca_37
orb_1219,aca_49
orb_1220,aca_47
orb_1221,aca_51
orb_1222,aca_41
orb_1223,sol_039
orb_1224,sol_092
orb_1225,aca_99
orb_1226,sol_012
orb_1227,aca_87
orb_1228,aca_90
orb_1229,aca_81
orb_1230,aca_85
orb_1231,sol_037
orb_1232,aca_81
orb_1233,aca_85
orb_1234,aca_93
orb_1235,aca_85
orb_1236,aca_81
orb_1237,aca_94
orb_1238,aca_81
orb_1239,aca_85
orb_1240,aca_70
orb_1241,aca_69
orb_1242,aca_79
orb_1243,aca_42
orb_1244,aca_40
orb_1245,aca_52
orb_1246,aca_51
orb_1247,aca_63
orb_1248,aca_114
orb_1249,aca_107
orb_1250,aca_19
orb_1251,aca_19
orb_1252,aca_100
orb_1253,sol_013
orb_1254,aca_72
orb_1255,sol_103
orb_1256,aca_94
orb_1257,aca_91
orb_1258,aca_87
orb_1259,aca_90
orb_1260,aca_96
orb_1261,aca_94
orb_1262,aca_89
orb_1263,aca_93
orb_1264,aca_87
orb_1265,aca_90
orb_1266,aca_73
orb_1267,aca_68
orb_1268,aca_39
orb_1269,aca_52
orb_1270,aca_42
orb_1271,aca_51
orb_1272,aca_47
orb_1273,aca_49
orb_1274,aca_41
orb_1275,sol_025
orb_1276,sol_012
orb_1277,aca_68
orb_1278,aca_73
orb_1279,sol_044
orb_1280,sol_012
orb_1281,aca_105
orb_1282,aca_99
orb_1283,aca_106
orb_1284,aca_81
orb_1285,aca_85
orb_1286,sol_054
orb_1287,sol_049
orb_1288,aca_93
orb_1289,aca_106
orb_1290,aca_105
orb_1291,aca_104
orb_1292,aca_94
orb_1293,aca_84
orb_1294,aca_76
orb_1295,aca_110
orb_1296,aca_113
orb_1297,aca_22
orb_1298,aca_23
orb_1299,aca_77
orb_1300,aca_83
orb_1301,aca_45
orb_1302,aca_76
orb_1303,aca_77
orb_1304,aca_60
orb_1305,sol_107
orb_1306,aca_0
orb_1307,aca_108
orb_1308,aca_112
orb_1309,aca_99
orb_1310,aca_105
orb_1311,aca_111
orb_1312,aca_109
orb_1313,aca_106
orb_1314,aca_102
orb_1315,aca_103
orb_1316,aca_99
orb_1317,aca_105
orb_1318,aca_103
orb_1319,aca_106
orb_1320,aca_104
orb_1321,aca_75
orb_1322,aca_71
orb_1323,aca_93
orb_1324,aca_85
orb_1325,aca_81
orb_1326,aca_81
orb_1327,aca_85
orb_1328,aca_62
orb_1329,aca_74
orb_1330,aca_82
orb_1331,aca_93
orb_1332,aca_67
orb_1333,aca_65
orb_1334,aca_70
orb_1335,aca_69
orb_1336,aca_66
orb_1337,aca_64
orb_1338,sol_036
orb_1339,sol_104
orb_1340,aca_4
orb_1341,aca_97
orb_1342,aca_98
orb_1343,aca_107
orb_1344,aca_110
orb_1345,aca_113
orb_1346,aca_114
orb_1347,aca_97
orb_1348,aca_98
orb_1349,aca_102
orb_1350,aca_98
orb_1351,aca_97
orb_1352,aca_101
orb_1353,aca_97
orb_1354,aca_98
orb_1355,aca_64
orb_1356,aca_69
orb_1357,aca_70
orb_1358,aca_73
orb_1359,aca_64
orb_1360,aca_68
orb_1361,aca_68
orb_1362,aca_73
orb_1363,aca_80
orb_1364,aca_86
orb_1365,sol_092
orb_1366,aca_101
orb_1367,aca_104
orb_1368,aca_105
orb_1369,aca_106
orb_1370,aca_109
orb_1371,aca_114
orb_1372,aca_111
orb_1373,aca_113
orb_1374,aca_99
orb_1375,aca_110
orb_1376,aca_110
orb_1377,aca_107
orb_1378,aca_112
orb_1379,aca_113
orb_1380,aca_101
orb_1381,aca_107
orb_1382,aca_114
orb_1383,aca_108
orb_1384,aca_102
orb_1385,aca_106
orb_1386,aca_105
orb_1387,aca_99
orb_1388,sol_043
orb_1389,sol_053
orb_1390,sol_013
orb_1391,aca_89
orb_1392,aca_96
orb_1393,sol_110
orb_1394,aca_82
orb_1395,sol_013
orb_1396,aca_89
orb_1397,aca_96
orb_1398,aca_101
orb_1399,aca_96
orb_1400,aca_89
orb_1401,aca_65
orb_1402,aca_63
orb_1403,aca_74
orb_1404,aca_86
orb_1405,aca_20
orb_1406,aca_18
orb_1407,aca_74
orb_1408,aca_62
orb_1409,aca_69
orb_1410,aca_70
orb_1411,aca_65
orb_1412,aca_64
orb_1413,aca_15
orb_1414,aca_27
orb_1415,aca_95
orb_1416,aca_28
orb_1417,aca_26
orb_1418,aca_42
orb_1419,aca_40
orb_1420,aca_17
orb_1421,aca_17
orb_1422,aca_83
orb_1423,aca_84
orb_1424,aca_97
orb_1425,aca_98
orb_1426,aca_107
orb_1427,aca_97
orb_1428,aca_98
orb_1429,aca_94
orb_1430,aca_94
orb_1431,aca_90
orb_1432,aca_91
orb_1433,aca_87
orb_1434,aca_92
orb_1435,aca_102
orb_1436,aca_91
orb_1437,aca_90
orb_1438,aca_87
orb_1439,aca_110
orb_1440,aca_92
orb_1441,sol_102
orb_1442,sol_105
orb_1443,sol_037
orb_1444,sol_093
orb_1445,sol_095
orb_1446,aca_107
orb_1447,aca_110
orb_1448,aca_102
orb_1449,aca_61
orb_1450,aca_76
orb_1451,aca_47
orb_1452,aca_50
orb_1453,aca_89
orb_1454,aca_96
orb_1455,sol_044
orb_1456,sol_052
orb_1457,aca_108
orb_1458,aca_112
orb_1459,sol_108
orb_1460,aca_111
orb_1461,aca_109
orb_1462,aca_92
orb_1463,aca_96
orb_1464,aca_92
orb_1465,aca_89
orb_1466,aca_41
orb_1467,aca_41
orb_1468,aca_112
orb_1469,aca_108
orb_1470,aca_94
orb_1471,aca_91
orb_1472,aca_92
orb_1473,aca_101
orb_1474,aca_114
orb_1475,sol_052
orb_1476,aca_106
orb_1477,aca_104
orb_1478,aca_99
orb_1479,aca_111
orb_1480,aca_109
orb_1481,aca_105
orb_1482,aca_113
orb_1483,aca_103
orb_1484,sol_103
orb_1485,aca_91
orb_1486,aca_93
orb_1487,aca_49
orb_1488,aca_46
orb_1489,sol_109
orb_1490,sol_107
orb_1491,sol_051
orb_1492,aca_108
orb_1493,aca_112
orb_1494,aca_75
orb_1495,aca_77
orb_1496,sol_092
orb_1497,aca_103
orb_1498,aca_109
orb_1499,aca_111
orb_1500,aca_112
orb_1501,aca_103
orb_1502,aca_108
orb_1503,aca_114
orb_1504,aca_101
orb_1505,aca_113
orb_1506,aca_109
orb_1507,aca_111
orb_1508,aca_104
orb_1509,aca_103
orb_1510,aca_42
orb_1511,aca_40
orb_1512,aca_52
orb_1513,aca_51
orb_1514,aca_65
orb_1515,aca_63
orb_1516,aca_86
orb_1517,aca_39
orb_1518,aca_39
orb_1519,sol_098
orb_1520,aca_59
orb_1521,aca_110
orb_1522,aca_104
orb_1523,aca_102
orb_1524,aca_114
orb_1525,aca_113
orb_1526,aca_107
orb_1527,aca_83
orb_1528,aca_69
orb_1529,aca_73
orb_1530,aca_84
orb_1531,aca_64
orb_1532,aca_64
orb_1533,aca_70
orb_1534,aca_68
orb_1535,aca_65
orb_1536,aca_63
orb_1537,aca_74
orb_1538,aca_91
orb_1539,aca_93
orb_1540,aca_62
orb_1541,aca_62
orb_1542,aca_96
orb_1543,aca_92
orb_1544,aca_92
orb_1545,aca_89
orb_1546,aca_91
orb_1547,aca_93
orb_1548,aca_104
orb_1549,aca_102
orb_1550,aca_94
orb_1551,aca_94
orb_1552,aca_109
orb_1553,aca_112
orb_1554,aca_103
orb_1555,aca_103
orb_1556,aca_111
orb_1557,aca_108
orb_1558,aca_104
orb_1559,aca_102
orb_1560,aca_107
orb_1561,aca_114
orb_1562,aca_113
orb_1563,aca_110
orb_1564,aca_101
orb_1565,aca_101
